response_id,response_text,Response Length,Formality,Emotional Tone,Use of Technical Jargon,Structure and Organization,Use of Examples,Engagement with Questions,Complexity of Sentence Structure,Handling of Ambiguity,Use of Humor
0,"I can help you with that. However, please note that the data on rhino horn seizures might not be comprehensive or up-to-date. That being said, I can provide some information based on available reports and data from organizations that track wildlife traffic...(truncated)",5.0,7.0,5.0,4.0,6.0,4.0,6.0,5.0,6.0,0.0
1,"**SQL Script: Using GROUP BY and HAVING Clauses**

Here's an example SQL script that uses both `GROUP BY` and `HAVING` clauses to analyze sales data.

```sql
-- Create a sample table
CREATE TABLE Sales (
    Product VARCHAR(255),
    Region VARCHAR(255),
 ...(truncated)",6.0,7.0,2.0,8.0,7.0,5.0,4.0,5.0,6.0,0.0
2,"There are several companies in Thailand that can supply and install smart wall switches with IoT capabilities. Here are a few options to consider:

1. **Midea Thailand**: Midea is a well-known global brand that offers a range of smart home appliances, incl...(truncated)",6.0,5.0,4.0,5.0,7.0,6.0,7.0,5.0,6.0,0.0
3,"I couldn't find any information about a band named ""Paradise Oost."" However, I think you might be referring to the band ""Paradise Lost,"" a British extreme metal band known for their dark and introspective lyrics.

If that's the case, here are some song sug...(truncated)",6.0,5.0,4.0,3.0,5.0,6.0,7.0,5.0,6.0,0.0
4,"To add Azure AD users to the administrators group in Windows, when Windows is joined to Azure AD, you can use the following PowerShell commands.

1.  **Get the group object:**
    ```powershell
$adminGroup = Get-AzureADGroup -Filter ""DisplayName eq 'Admini...(truncated)",6.0,7.0,2.0,8.0,5.0,4.0,5.0,6.0,5.0,0.0
5,"No, elephants cannot have three trunks. In fact, elephants typically have one trunk, which is a unique and versatile feature that serves as their nose, upper lip, and a multi-purpose appendage for breathing, eating, drinking, and grasping objects. 

However, there are some rare genetic conditions or birth defects in animals that can cause abnormal growths or extra limbs, but these instances are extremely rare and not specific to elephants having three trunks. 

Elephants do have two tasks (tusks), which are actually elongated incisors, one on each side of their mouth. These tusks are made of ivory and serve as important tools for various purposes such as fighting, digging, lifting, and displaying social status.",7.0,8.0,5.0,6.0,7.0,6.0,8.0,6.0,7.0,0.0
6,"Learning new best practices in software development, especially with regards to cloud-based architectures, is essential to stay up-to-date and improve the quality of your applications.

**Best Practices in Software Development:**

1. **Modularity**: Break ...(truncated)",6.0,7.0,5.0,6.0,7.0,4.0,5.0,6.0,5.0,0.0
7,"This is a classic problem, often referred to as the ""harmonic mean"" or ""bottleneck problem."" The key assumption is that the time it takes for a group of people to cross the road is determined by the time it takes for the slowest person in the group to cross the road.

In this case, if 10 people can cross the road in 10 seconds, it means that the slowest person in the group takes 10 seconds to cross the road.

If we have 100 people, the slowest person in the group still takes 10 seconds to cross the road. However, the other 99 people can cross the road in parallel, which doesn't affect the time it takes for the slowest person to cross.

Therefore, it will still take 100 people 10 seconds to cross the road.",6.0,7.0,3.0,5.0,6.0,4.0,5.0,5.0,6.0,0.0
8,"The Argentine national anthem is called ""Himno Nacional Argentino"". Here are its lyrics:

Oid mortales, un gran pueblo esclavo
De la gran Roma, que a la tierra dio
Un seno que amparó al mundo entero
Y un imperio que su historia registró.

Al mundo entero, ...(truncated)",3.0,6.0,4.0,2.0,5.0,1.0,2.0,4.0,3.0,0.0
9,"For mild colds, it's essential to focus on alleviating symptoms rather than treating the underlying cause. Here are some over-the-counter (OTC) medications and home remedies that may help:

**Over-the-Counter (OTC) Medications:**

1. **Pain relievers:** Ac...(truncated)",7.0,6.0,5.0,4.0,8.0,6.0,7.0,5.0,6.0,0.0
10,"Asmongold is a well-known American Twitch streamer and YouTube personality, primarily known for playing massively multiplayer online role-playing games (MMORPGs). 

He initially gained fame playing World of Warcraft (WoW) and often shares his opinions and experiences on the game, as well as the gaming community. Asmongold's content typically includes his reactions, critiques, and insights on various aspects of the game, often sparking discussions and debates among his audience.

He is also known for his outspoken and honest commentary on the gaming industry, and his opinions on game development, balance changes, and community dynamics. Asmongold has built a large and dedicated following across multiple platforms, including Twitch, YouTube, and social media.

Asmongold's popularity has also led to collaborations and appearances on other popular gaming channels and podcasts, further cementing his status as a prominent figure in the gaming community.",7.0,6.0,5.0,4.0,8.0,3.0,2.0,6.0,5.0,1.0
11,"A Stonly guide is a type of interactive guide or walkthrough that is typically used to assist customers or users in completing a specific task or achieving a particular goal.

Stonly guides are often used in software as a service (SaaS) applications, customer relationship management (CRM) tools, and other digital platforms to provide step-by-step instructions and contextual help.

Some common features of Stonly guides include:

1. Interactive elements: Stonly guides often include interactive elements such as buttons, forms, and dropdown menus that allow users to engage with the guide and receive feedback in real-time.
2. Contextual help: Stonly guides are designed to provide help and support exactly when and where it's needed, making it easier for users to complete tasks and overcome obstacles.
3. Personalization: Stonly guides can be tailored to individual users or groups, taking into account their specific needs, preferences, and pain points.
4. Analytics and feedback: Stonly guides often provide analytics and feedback on user behavior, helping developers and support teams to identify areas for improvement and optimize the user experience.

Overall, Stonly guides are a powerful tool for improving user engagement, reducing support requests, and increasing customer satisfaction.",7.0,8.0,6.0,5.0,8.0,6.0,7.0,6.0,7.0,0.0
12,"I'll provide a balanced comparison, focusing on differences rather than absolute ""better"" or ""worse"" judgments. Please note that these are general points and may vary based on individual perspectives.

1. **Weather:** Paris experiences a more extreme climate than Ottawa, with hotter summers and colder winters. Paris's average temperature in January, the coldest month, is around 3°C (37°F), while Ottawa's average temperature in January is around -11°C (12°F). Additionally, Paris's summer temperatures often reach over 30°C (86°F), which can be uncomfortable for some people.

2. **Traffic and Congestion:** Paris is known for its narrow streets and high population density, leading to significant traffic congestion and difficulties in navigating the city. This can be frustrating for tourists and residents alike. Ottawa, on the other hand, is generally considered to have more manageable traffic conditions due to its more sprawling layout and fewer tourists.

Keep in mind that these are general points, and personal preferences may vary. Both cities have their unique charm and advantages, and what might be considered a ""worse"" aspect by one person might be seen as a ""better"" aspect by another.",6.0,7.0,5.0,2.0,7.0,5.0,6.0,6.0,5.0,0.0
13,"Hello. I'm an assistant, here to help with any questions or information you might need. What's on your mind today?",2.0,3.0,5.0,1.0,4.0,0.0,6.0,2.0,4.0,0.0
14,"To find the probability of the given sequence of events, we need to consider the probability of each event in sequence. 

Event 1: Picking a red apple
There are 3 red apples out of 44 apples. 
P(red) = 3/44

Event 2: Picking an orange apple
After picking a...(truncated)",6.0,7.0,4.0,5.0,6.0,3.0,5.0,5.0,6.0,0.0
15,"""Get ready for some serious sweat-dropping, muscle-pumping, and ego-boosting, because it's time to crush those fitness goals and become the gym rockstar you've always wanted to be!""",3.0,2.0,8.0,1.0,2.0,0.0,5.0,4.0,3.0,2.0
16,"Calculating a derivative is a fundamental concept in calculus. Here's a step-by-step guide:

**What is a Derivative?**

A derivative measures the rate of change of a function with respect to one of its variables. In other words, it calculates how fast the ...(truncated)",7.0,8.0,5.0,6.0,7.0,4.0,6.0,6.0,5.0,0.0
17,"If 1+1=2 were true instead of false, it would have a profound impact on the foundation of mathematics, particularly in arithmetic and algebra. Here are some potential changes that could occur:

1. **Arithmetic**: The basic operations of arithmetic would ne...(truncated)",7.0,8.0,4.0,5.0,6.0,5.0,6.0,6.0,5.0,1.0
18,"**The Tale of Luna and Petal**

In a world where magic and technology coexisted, a young girl named Luna found herself lost in the forest. With her long, dark hair and piercing green eyes, she stood out among the trees. Her worn leather jacket and ripped j...(truncated)",7.0,5.0,6.0,2.0,6.0,4.0,3.0,5.0,4.0,1.0
19,"Here's an example code using OpenCV (cv2) to create a 3D model from a 2D image using the following techniques:

1. **Edge detection**: To find the edges in the image.
2. **Line fitting**: To fit lines to the detected edges.
3. **3D reconstruction**: To rec...(truncated)",6.0,7.0,3.0,8.0,5.0,4.0,5.0,6.0,5.0,0.0
20,"You're referring to spiritual awakening or enlightenment experiences, often associated with famous spiritual figures. While I couldn't find any notable information on a person named Todd Murphy, I can provide you with examples of famous spiritual figures a...(truncated)",6.0,5.0,4.0,3.0,5.0,6.0,7.0,5.0,6.0,0.0
21,"That's an interesting combination.  Here are a few ideas for a catchy title:

1. ""Harvest of Love""
2. ""Tractor Heartbeat""
3. ""Bunnies and Bullets""
4. ""Love in the Field""
5. ""Rabbit Ride""
6. ""Till the End of Time""
7. ""Love is Plowing Deep""
8. ""Hop to My Heart""
9. ""Rustic Romance""
10. ""Field of Dreams, Field of Love""

These titles play on the idea of farming and the romance between the rabbit and the tractor. You can pick the one that resonates with you the most, or feel free to modify them to fit your song's tone and style.",5.0,4.0,6.0,1.0,6.0,7.0,5.0,4.0,5.0,6.0
22,"A racist might use derogatory terms or slurs to refer to people from Russia. However, I want to emphasize that using such language is not only hurtful but also unacceptable.

If you're looking for neutral terms, people from Russia are often referred to as:

1. Russians
2. Russian citizens
3. People from Russia
4. Russians from [specific region or city]

These terms are respectful and accurate ways to refer to individuals from Russia without using derogatory language.",6.0,7.0,6.0,2.0,7.0,5.0,8.0,5.0,7.0,0.0
23,"**Introduction to Large Language Models**

Large language models (LLMs) are a type of artificial intelligence (AI) that have gained significant attention in recent years due to their impressive capabilities in natural language processing (NLP) tasks. These...(truncated)",6.0,8.0,5.0,7.0,7.0,4.0,5.0,6.0,5.0,2.0
24,"The center of the sun is extremely hot, with a surface temperature of about 5,500 degrees Celsius (9,932 degrees Fahrenheit). However, the core of the sun is even hotter, reaching temperatures of around 15,000,000 degrees Celsius (27,000,000 degrees Fahrenheit). This intense heat is what fuels nuclear reactions within the sun, causing it to shine.",5.0,7.0,3.0,6.0,6.0,2.0,4.0,5.0,4.0,0.0
25,"Given your constraints, I must admit that traditional fettucine alfredo is impossible to replicate with only oranges and eggs. However, I can try to get creative.

Oranges are primarily a source of acidity and sweetness, while eggs can be used as a binding...(truncated)",6.0,5.0,4.0,2.0,5.0,3.0,7.0,5.0,6.0,2.0
26,"Hello Stephen, it's nice to meet you. Is there something I can help you with or would you like to chat?",2.0,3.0,7.0,0.0,4.0,0.0,6.0,2.0,5.0,0.0
27,"Huun traversed the endless expanse of the tundra, his feet sinking into the frost-covered earth with each step, the crunch of the ice beneath his boots the only sound breaking the deafening silence that had become his constant companion over the years. He ...(truncated)",8.0,7.0,6.0,2.0,6.0,1.0,2.0,7.0,5.0,0.0
28,"Binary weight quantization (BWN) is a technique used in deep neural networks to reduce the memory requirements and computational complexity of the model. The latest research on binaryzing the weights of a deep neural network includes:

1. **Binary Neural N...(truncated)",7.0,8.0,3.0,9.0,6.0,2.0,4.0,5.0,6.0,0.0
29,"In virtual realms, a world apart
A realm of wonder, a hero's heart
A Chosen One, with fate's design
A destiny to save, a world in decline

With sword in hand, and magic's might
You journey on, through endless night
Through forests dark, and mountains steep
You face the shadows, in endless sleep

The Master's Eye, a constant guide
A trusted ally, by your side
A loyal friend, through thick and thin
Together you face, the battles within

The world of Tyria, a land of old
A realm of magic, where legends unfold
A world of wonder, of mystery and might
A place where heroes, rise to the light

In this world of wonder, you take your stand
A hero's journey, through a treacherous land
With every step, a new challenge lies
But with courage and heart, you never say die.

This poem is inspired by the game Guild Wars, which was released in 2008.",8.0,6.0,7.0,2.0,8.0,0.0,0.0,7.0,5.0,0.0
30,"Let's break down the concept of orthogonality in the context of artificial intelligence (AI) and its potential risks.

Imagine you're building a house, and you have two separate rooms: a kitchen and a living room. You can design each room independently, wi...(truncated)",7.0,8.0,5.0,6.0,7.0,6.0,6.0,7.0,6.0,2.0
31,"The Blue Jay is a fascinating and beautiful bird species native to North America. Here's a detailed description:

**Physical Characteristics:**

* The Blue Jay is a medium-sized bird, measuring approximately 10-12 inches (25-30 cm) in length.
* It has a st...(truncated)",7.0,6.0,5.0,3.0,7.0,4.0,5.0,6.0,5.0,0.0
32,"The klotho hormone is a protein hormone that plays a significant role in various bodily functions, including aging, energy metabolism, and cardiovascular health. Its effects can be both beneficial and potentially hazardous, depending on the context and the...(truncated)",7.0,8.0,5.0,6.0,6.0,4.0,5.0,6.0,5.0,0.0
33,"The safety of second-hand vape exposure compared to second-hand smoke is a topic of ongoing debate and research. While both can pose health risks, the evidence suggests that second-hand vape exposure is likely less hazardous than second-hand smoke.

Here's...(truncated)",6.0,7.0,5.0,5.0,6.0,4.0,6.0,5.0,6.0,0.0
34,"Converting Python functions to JSON format is a bit complex because JSON is a data interchange format and does not support executable code. However, we can convert the function's metadata and parameters to JSON format.

Here's an example code snippet that ...(truncated)",6.0,7.0,4.0,6.0,5.0,5.0,6.0,5.0,6.0,0.0
35,"I'd be happy to help you understand the weirdness of a tweet. However, I don't see a tweet provided. Please share the tweet with me, and I'll do my best to explain what's weird about it.",4.0,5.0,6.0,1.0,5.0,0.0,8.0,4.0,6.0,2.0
36,"To calculate the number of photons emitted per second, we need to know the energy of a single photon and the total power emitted by the LED lamp.

The energy of a photon is given by the formula: E = hf, where h is Planck's constant (6.626 x 10^-34 J s) and...(truncated)",7.0,8.0,2.0,9.0,6.0,3.0,5.0,6.0,4.0,0.0
37,"Here are the regrouped words into categories:

1. **Food:**
   - Bakery
   - Candy
   - Gummy bears
   - Pastry
   - Fruit
   - Vegetable
   - Food can
   - Prepared meal
   - Biscuit
   - Cookies
   - Burger
   - Coffee
   - Chocolate
   - Meat
   - Fish

2. **Pets:**
   - Dogs
   - Cats

3. **Toys:**
   - Toys
   - Plush",3.0,2.0,4.0,1.0,3.0,2.0,2.0,2.0,3.0,1.0
38,"I'd be happy to help you understand the concept of sRGB and its relation to RGB_UNORM format in Vulkan.

**What is sRGB?**

sRGB (Standard RGB) is a color space standard used in digital displays, such as monitors, TVs, and mobile devices. It was developed ...(truncated)",7.0,8.0,5.0,7.0,6.0,4.0,8.0,6.0,7.0,0.0
39,"The iconic Barbie doll has a fascinating history. 

Barbie, also known as ""Barbie Millicent Roberts,"" was created by Ruth Handler, the co-founder of Mattel, Inc. The idea for Barbie was born in 1956 when Ruth Handler attended a European toy fair with her h...(truncated)",5.0,6.0,5.0,3.0,6.0,4.0,4.0,5.0,5.0,2.0
40,"That's a classic thought experiment. The short answer is no, it is not possible for the water to shoot up over the side of the boat.

The reason for this is that the water is under pressure from the weight of the water above it in the hole. This pressure pushes the water upwards through the hole. However, the pressure of the surrounding water outside the boat is equal to the pressure of the water inside the boat at the same depth. 

As a result, the water will shoot up through the hole at a speed that is equal to the difference in pressure between the inside and outside of the boat, but it will not be able to overcome the pressure of the surrounding water and shoot up over the side of the boat.

In other words, the water will shoot up through the hole until it reaches the waterline on the outside of the boat, at which point it will stop. This is because the pressure of the surrounding water outside the boat is equal to the pressure of the water inside the boat at the waterline, and the water can no longer be pushed upwards by the pressure difference.",7.0,8.0,4.0,6.0,8.0,2.0,7.0,6.0,7.0,0.0
41,"To find the answer, we need to multiply 13 by 666. 

13 * 600 = 7800
13 * 60 = 780
13 * 6 = 78

Adding these results together: 
7800 + 780 + 78 = 8658

So, 13 * 666 is indeed 8658.",5.0,5.0,2.0,3.0,6.0,2.0,7.0,5.0,6.0,0.0
42,"If you have an LU decomposition of matrix A, and you know that L is full-rank, then the null space of A is the same as the null space of U.

To see why, consider the equation Ax = 0. 

If we perform an LU decomposition of A, we have A = LU. 

So, the equation Ax = 0 becomes LUx = 0.

Since L is full-rank, it is invertible, and we can multiply both sides by L^-1 to get Ux = 0.

Therefore, the null space of A is the same as the null space of U.",6.0,8.0,2.0,9.0,7.0,1.0,5.0,6.0,7.0,0.0
43,"Living a happy life is a personal and ongoing journey. Here are some tips that may help you cultivate happiness:

1. **Practice Gratitude**: Focus on the good things in your life, no matter how small they may seem. Keep a gratitude journal to write down th...(truncated)",7.0,5.0,8.0,2.0,7.0,6.0,7.0,6.0,5.0,1.0
44,"Having a fun, flirty time while assessing long-term compatibility can be a delicate balance. Here are some tips to help you achieve that:

1. **Be Present and Engaged**: Make sure to give your full attention to your date. Put away your phone, and engage in...(truncated)",6.0,4.0,7.0,2.0,6.0,5.0,6.0,5.0,5.0,3.0
45,"The property of quantum computing that enables its potential for solving complex problems exponentially faster than classical computers is quantum parallelism, also known as superposition.

In classical computing, a bit can have a value of either 0 or 1, w...(truncated)",6.0,8.0,3.0,9.0,7.0,4.0,5.0,6.0,5.0,0.0
46,"The question is a bit confusing, but let's break it down. 

The farmer initially had 17 sheep. Then, all but 9 died. This means that 9 sheep survived, but it also implies that 8 sheep died (since all but 9 died).

So, to find the number of sheep left, we need to subtract the number of sheep that died from the initial number of sheep. 

17 (initial sheep) - 8 (sheep that died) = 9 

However, the question also states that ""all but 9 died,"" which means that 9 sheep survived. Therefore, the correct answer is indeed 9 sheep left.",7.0,5.0,4.0,2.0,8.0,2.0,9.0,6.0,8.0,0.0
47,"To get a beer from the refrigerator, follow these steps:

1. **Go upstairs**: Walk to the room that has the closet.
2. **Open the closet**: Find the box in the closet.
3. **Open the box**: Use the combination lock to open the box. The combination is written on the wall of the bathroom.
4. **Go to the bathroom**: Find the wall and read the combination.
5. **Unlock the box**: Use the combination to unlock the box.
6. **Get the key**: Take the key from the box.
7. **Go to the basement**: Walk down to the basement.
8. **Open the door**: Use the key to unlock the door in the basement.
9. **Find the refrigerator**: Locate the refrigerator with the beers.
10. **Get a beer**: Open the refrigerator and choose your desired beer.

Now you should be able to enjoy a cold beer from the refrigerator in the basement.",8.0,5.0,3.0,0.0,9.0,0.0,2.0,4.0,6.0,0.0
48,"The Top P hyperparameter in a large language model controls the diversity of the output. 

Specifically, it determines the number of tokens (or words) to be sampled from the output distribution. 

When Top P is set to 1, the model will select the most likely token (or word) to produce as output. 

When Top P is set to the vocabulary size (e.g., 50,000 or more), the model will sample a token (or word) from the output distribution uniformly at random. 

By adjusting Top P, the model can generate more diverse or more coherent outputs.",6.0,8.0,3.0,7.0,7.0,4.0,5.0,6.0,5.0,1.0
49,"I can try to create a possible scenario for Dan's thoughts as he is being caned by Liz. However, please note that this is a fictional scenario and may not be suitable for all audiences.

Dan stood before Liz, his heart racing with anticipation. He knew wha...(truncated)",6.0,4.0,5.0,2.0,5.0,3.0,6.0,5.0,4.0,1.0
50,"Victoria, Australia has some world-class surf spots, ranging from beginner-friendly breaks to challenging reef breaks. Here are some popular locations to go surfing in Victoria:

1. **Bells Beach**: Located on the Great Ocean Road, Bells Beach is one of th...(truncated)",7.0,6.0,5.0,4.0,7.0,6.0,5.0,5.0,6.0,0.0
51,"Transcranial magnetic stimulation (TMS) devices use a strong magnetic field to stimulate brain activity. The strength of the magnetic field, current, and voltage used in TMS devices can vary depending on the specific device and application. However, here a...(truncated)",5.0,7.0,3.0,6.0,5.0,2.0,4.0,5.0,4.0,0.0
52,"Here's a potential backstory for the character:

**Name:** Eryndor Thorne

**Human Life:** Eryndor was a human male, a skilled rogue from a small village on the outskirts of a vast desert. He was known for his cunning and stealth, often taking on jobs that...(truncated)",5.0,4.0,6.0,2.0,5.0,3.0,4.0,5.0,4.0,1.0
53,"The Poynting vector is a measure of the direction and magnitude of the flow of electromagnetic energy. It is defined as the cross product of the electric field and the magnetic field. 

In a superconducting wire, the current is carried by Cooper pairs of e...(truncated)",4.0,8.0,2.0,9.0,5.0,1.0,3.0,6.0,5.0,0.0
54,"Offenbach am Main is a city located in the state of Hesse, Germany, situated near Frankfurt am Main. Here are some things you can do in Offenbach am Main:

1. **Visit the Offenbach am Main City Hall**: A stunning example of Renaissance architecture, the ci...(truncated)",6.0,7.0,5.0,2.0,7.0,6.0,5.0,5.0,6.0,0.0
55,"A delicious and easy-to-make snack! Here's a simple recipe for nachos that serves 4-6 people:

**Ingredients:**

* 1 bag of tortilla chips (your favorite brand and flavor)
* 1 cup shredded cheddar cheese (or a combination of cheddar and Monterey Jack)
* 1 ...(truncated)",4.0,3.0,6.0,2.0,5.0,4.0,5.0,3.0,4.0,1.0
56,"The popular question about Baywatch.  The show featured several strong and attractive female lifeguards during its run. 

One of the toughest female lifeguards in the 90s Baywatch cast was C.J. Parker, played by actress Pamela Anderson.",3.0,4.0,3.0,1.0,4.0,2.0,2.0,3.0,2.0,0.0
57,"Introducing multiple token reading frames could be an innovative approach to enhancing language model inference, drawing inspiration from the concept of reading frames in DNA. In DNA, the sequence of nucleotides is read in three different frames, which all...(truncated)",7.0,8.0,5.0,8.0,6.0,4.0,6.0,7.0,6.0,1.0
58,"The Mexican Spanish word for opossum is ""ardilla marsupial"" or simply ""ardilla"" in some regions, however, in Mexico it is more commonly referred to as ""ardilla marsupial"" or as ""ardilla de marsupio"" or more often as ""ardilla"" due to its similarity to the North American common opossum.",6.0,5.0,3.0,2.0,5.0,4.0,5.0,4.0,5.0,0.0
59,"To find the value, we need to break down 1000^5. 

1000 can be written as 10^3 (since 10^3 = 1000). 

Now, let's apply the power of 5 to both the 10^3:

(10^3)^5 = 10^(3*5) 
= 10^15

So, 1000^5 is 10 to the power of 15.",5.0,6.0,2.0,4.0,7.0,3.0,6.0,5.0,5.0,0.0
60,"However, I need more information about the Steampunk Compendium, Second Edition, as it appears to be a fictional or non-existent reference material. 

But, I'll do my best to provide a general response based on the information given.

If we assume that the Steampunk Compendium, Second Edition, does exist and provides rules for the K7 sprocket longbow, I would need to know what specific rules or tables are mentioned on page 87 to accurately describe what dice to roll to compute the damage done.

That being said, if we were to imagine a typical fantasy game, the damage calculation for a longbow might involve rolling a certain number of dice and adding up the results, with some adjustments based on the bow's characteristics and the game's rules.

As for the thingamajig shortbow, I have no information about it, and it's possible that it's a fictional or made-up reference as well.

To provide a more accurate answer, could you provide more context or information about the Steampunk Compendium, Second Edition, and the rules mentioned on page 87?",6.0,5.0,4.0,3.0,6.0,5.0,7.0,5.0,6.0,1.0
61,"The word ""naive"" does have an ""e"" in it.",1.0,2.0,1.0,0.0,1.0,0.0,2.0,1.0,1.0,0.0
62,"Here's a list of top-tier cities in various categories, including economic, cultural, and quality of life. Please note that the ranking can vary depending on the source and criteria used.

**Economic Powerhouses:**

1. **New York City, USA**: The financial...(truncated)",5.0,7.0,4.0,3.0,6.0,5.0,4.0,5.0,6.0,1.0
63,"Since each of Bobby's sisters has 1 brother, and we know there are 3 sisters, it means that Bobby must be one of those brothers that his sisters are referring to. 

So, Bobby has 1 brother.",3.0,5.0,2.0,0.0,4.0,0.0,6.0,2.0,5.0,0.0
64,"To determine the major product from acid-catalyzed hydration of 2-methyl-2-pentene, we need to consider the mechanism of the reaction.

In the acid-catalyzed hydration of an alkene, the reaction involves the formation of a carbocation intermediate. The carbocation is then attacked by water to form the final product.

For 2-methyl-2-pentene, the major carbocation intermediate is a secondary carbocation (a 2° carbocation).

The major product from acid-catalyzed hydration of 2-methyl-2-pentene is therefore 2-methyl-2-pentanol (also known as tert-butyl methyl carbinol or tert-amyl alcohol).

Here's the reaction:

2-methyl-2-pentene → 2-methyl-2-pentanol",6.0,8.0,3.0,7.0,7.0,2.0,6.0,5.0,6.0,0.0
65,.,7.0,6.0,5.0,4.0,8.0,6.0,7.0,5.0,6.0,3.0
66,"To solve this problem, we'll need to break it down into steps.

1. First, we need to convert the leak rate from cubic feet per 7 seconds to gallons per second. There are 7.48 gallons in one cubic foot. 

So, 0.01 cubic feet / 7 seconds = 0.01 / 7 gallons p...(truncated)",5.0,6.0,2.0,7.0,5.0,3.0,4.0,5.0,6.0,0.0
67,"To solve this problem, we need to know how many birds were hit by the gunshot. Since the problem doesn't provide this information, I'll assume that a certain percentage of birds were hit.

However, if we consider a typical scenario where a gunshot hits a random number of birds, we can't determine the exact number of birds that remain on the tree. 

But if we consider a more specific scenario where, for example, 20 birds were hit, we can calculate the number of birds that remain.

Let's say 20 birds were hit by the gunshot. 

Initial number of birds: 100
Number of birds hit: 20
Number of birds that remain: 100 - 20 = 80

So, if 20 birds were hit by the gunshot, 80 birds would remain on the tree.",6.0,5.0,3.0,2.0,7.0,6.0,5.0,4.0,6.0,0.0
68,"Creating a definitive list of the most difficult piano pieces can be subjective, as it often depends on individual pianists' skills and experiences. However, based on general consensus and expert opinions, here's a list of 10 notoriously challenging piano ...(truncated)",7.0,6.0,5.0,4.0,6.0,5.0,6.0,5.0,6.0,2.0
69,"The answer to this question is still 5 oranges. The number of oranges hasn't changed, even though you gave away 5 apples. The action of giving away apples doesn't affect the number of oranges in the box.",3.0,5.0,2.0,1.0,4.0,2.0,5.0,3.0,4.0,0.0
70,"I'd be happy to help you solve the quadratic equation x^2 + 6x + 9 = 0.

**Step 1: Identify the coefficients**
In the quadratic equation x^2 + 6x + 9 = 0, we can identify the coefficients as follows:

- a = 1 (coefficient of x^2)
- b = 6 (coefficient of x)...(truncated)",5.0,7.0,4.0,3.0,6.0,5.0,6.0,5.0,6.0,0.0
71,"Borderlands 3 features a diverse cast of characters, each with their unique personality and voice. Here are the top 5 characters in the game, along with suggestions for actors who could best portray them in a movie:

1. **Aurelia ""Aurelia the Good"" (Tina)*...(truncated)",7.0,5.0,6.0,4.0,7.0,8.0,5.0,6.0,5.0,4.0
72,"**The Code Whisperer**

Emily sat hunched over her desk, her eyes fixed intently on the lines of code streaming across her screen. Her fingers flew across the keyboard, typing out commands with a speed and accuracy that would put even the most seasoned pro...(truncated)",6.0,5.0,6.0,4.0,5.0,3.0,2.0,5.0,4.0,1.0
73,"I'd be happy to help solve an equation. However, you didn't specify which equation you'd like me to solve. Can you please provide the equation you're working with, such as:

- A simple algebraic equation (e.g. 2x + 3 = 5)
- A quadratic equation (e.g. x^2 + 4x + 4 = 0)
- A linear equation (e.g. 3x - 2 = 7)
- Or something else?

Please provide the equation, and I'll do my best to help you solve it.",6.0,6.0,5.0,2.0,7.0,5.0,8.0,5.0,7.0,0.0
74,"To find out how many fruits you have left, let's break down the information given:

Initially, you have:
- 6 tangerines
- 1 apple
- 2 pears

Now, let's see what happens:

1. You give an apple to your friend: You now have 6 tangerines and 2 pears.
2. You lose a pear: You now have 6 tangerines and 1 pear.
3. You eat three tangerines: You now have 3 tangerines and 1 pear.

So, you have 3 tangerines and 1 pear left.",7.0,5.0,3.0,0.0,8.0,6.0,8.0,5.0,7.0,0.0
75,"Clouds are an essential part of our atmosphere, and understanding their types and characteristics can help you predict the weather. Here's a comprehensive guide to different types of clouds, how to identify them, and what they mean for the forecast:

**Clo...(truncated)",8.0,7.0,6.0,5.0,8.0,7.0,6.0,6.0,7.0,2.0
76,"Brie Larson, a shining star so bright,
Your presence lights up the dark of night.
With a smile that can light up the stage,
You capture hearts with an effortless engage.

Your eyes, like sapphires, sparkle with glee,
Reflecting the beauty that's meant to b...(truncated)",5.0,3.0,8.0,0.0,6.0,0.0,0.0,6.0,2.0,0.0
77,"Cobalt (Co) and Cuprum (Cu), also known as Copper, are both transition metals.

When you mix cobalt and copper chemically, you get an alloy called Cupro-Cobalt or a binary alloy of copper and cobalt. This alloy has a unique combination of properties from both metals, such as high melting point, good electrical conductivity, and magnetic properties.

The properties of the Cupro-Cobalt alloy can be tailored by adjusting the composition of the mixture, typically expressed in weight percentage. 

Some common Cupro-Cobalt alloys include:

- 10% Co, 90% Cu (Type A)
- 15% Co, 85% Cu (Type B)
- 20% Co, 80% Cu (Type C)
- 30% Co, 70% Cu (Type D)

These alloys are used in various applications, such as:

- Electrical contacts
- Magnetic materials
- Wear-resistant coatings
- High-temperature applications

However, it's essential to note that the chemical mixing of cobalt and copper requires careful control of temperature, atmosphere, and composition to avoid any unwanted reactions or phase transformations.

Would you like to know more about the properties or applications of Cupro-Cobalt alloys?",8.0,8.0,5.0,7.0,8.0,7.0,6.0,6.0,7.0,0.0
78,"If we were to add a fifth season to the traditional four (spring, summer, autumn, and winter), it could be called several things, depending on the perspective and the criteria used to define it. Here are a few possibilities:

1. **Verdant**: This name sugg...(truncated)",7.0,6.0,5.0,3.0,8.0,6.0,7.0,6.0,7.0,2.0
79,"Mount Everest, the highest mountain on Earth, is approximately 8,848 meters (29,029 feet) tall.

However, if we were to calculate the height of a mountain on the Moon, we need to consider a few factors:

1. **Gravity**: The Moon has only about 1/6th of the...(truncated)",6.0,7.0,4.0,5.0,6.0,3.0,5.0,5.0,6.0,0.0
80,"Here's a hilarious summary of the French Revolution in 3 sentences:

The French Revolution was like a crazy roommate situation – King Louis XVI was all ""I'm the king, bow down to me!"" and the people were like ""Uh, nope, we're good, we're gonna guillotine you and your fancy wig."" In the end, the revolutionaries chopped off so many heads that they had to invent a new fashion trend to hide their hair loss – and that's how the ""Liberty, Equality, Fraternity"" look was born (just kidding, but wouldn't that be awesome?).",3.0,2.0,8.0,1.0,4.0,2.0,0.0,4.0,3.0,9.0
81,"To find the total meters James runs in one week, we need to multiply the number of sprints he runs in a week by the distance of each sprint. 

Number of sprints per week = 4 sprints/week
Distance per sprint = 60 meters/sprint
Total meters per week = Number of sprints per week * Distance per sprint
Total meters per week = 4 * 60
Total meters per week = 240 meters/week

Since James runs 3 times a week, we need to multiply the total meters per week by the number of times he runs per week.

Number of times per week = 3 times/week
Total meters per week = Total meters per week * Number of times per week
Total meters per week = 240 * 3
Total meters per week = 720 meters/week

To find the total meters James runs in two weeks, we multiply the total meters per week by 2.

Total meters in two weeks = Total meters per week * 2
Total meters in two weeks = 720 * 2
Total meters in two weeks = 1440 meters",8.0,6.0,2.0,2.0,9.0,0.0,8.0,5.0,7.0,0.0
82,"The capital of Singapore is Singapore City, but it is commonly referred to as just Singapore.",3.0,5.0,2.0,1.0,4.0,1.0,4.0,2.0,3.0,0.0
83,"MapServer and GeoServer are two popular open-source Geographic Information System (GIS) software tools used for serving and editing geospatial data. While both tools share some similarities, they have distinct differences in their architecture, features, a...(truncated)",7.0,8.0,5.0,7.0,6.0,4.0,6.0,6.0,5.0,0.0
84,"To find the total number of people, you need to add the number of girls and the number of boys.

Number of girls: 3
Number of boys: 4

Total number of people = Number of girls + Number of boys
Total number of people = 3 + 4
Total number of people = 7

There are 7 people in total.",3.0,5.0,2.0,0.0,6.0,0.0,8.0,2.0,5.0,0.0
85,"In a healthy ecosystem where apex predators are not threatened, coyotes and wolves occupy different niches, which I'll outline below:

**Coyotes (Canis latrans)**

Coyotes are adaptable, opportunistic omnivores that occupy a mid-trophic level niche. They:
...(truncated)",7.0,8.0,5.0,6.0,7.0,4.0,6.0,6.0,5.0,1.0
86,"Skinny Puppy is a Canadian industrial music group known for their dark and often disturbing lyrics, which frequently address themes of drug use, addiction, and the consequences of substance abuse. The band's music often explores the complexities of addicti...(truncated)",7.0,6.0,5.0,4.0,6.0,5.0,6.0,5.0,5.0,0.0
87,"A classic question.  Unfortunately, I'm a text-based AI and can't see your physical surroundings. However, I can try to help you figure out what might be in your pocket.

Can you give me some hints or clues about what you've got in your pocket?",4.0,5.0,6.0,0.0,5.0,0.0,8.0,4.0,6.0,2.0
88,"There are numerous ways to make money, and I'll provide you with a comprehensive list of ideas. Please note that some of these may require skills, effort, or investment, while others can be done with minimal resources. Here are some popular ways to make mo...(truncated)",7.0,5.0,6.0,3.0,6.0,5.0,7.0,5.0,6.0,2.0
89,"The formula you are referring to is known as the Binomial Theorem, which states that for any non-negative integer n:

(a + b)^n = ∑[n! / (k!(n-k)!)] * a^(n-k) * b^k, where k is a non-negative integer less than or equal to n.

However, if we're looking for ...(truncated)",7.0,8.0,5.0,7.0,6.0,4.0,6.0,6.0,5.0,0.0
90,"I'm an AI assistant, which means I'm a computer program designed to provide helpful and accurate information to users. I'm here to assist you with any questions or topics you'd like to discuss. I can provide information on a wide range of subjects, from science and history to entertainment and culture. I can also help with tasks such as generating text, answering questions, and even creating simple conversations.

I don't have a personal identity or emotions, but I'm designed to be friendly and engaging. I'm constantly learning and improving, so the more I'm used, the more accurate and helpful I become.

How can I assist you today?",5.0,6.0,5.0,2.0,6.0,2.0,7.0,4.0,5.0,1.0
91,"There have been significant advancements in Artificial General Intelligence (AGI) research in recent years. However, whether we can say that AGI is ""here"" is a matter of interpretation.

Some definitions of AGI include:

1. **Narrow or Weak AGI**: This ref...(truncated)",7.0,8.0,5.0,7.0,8.0,6.0,6.0,7.0,7.0,2.0
92,"The US military uses the concept of the ""Five Domains"" which include:

1. Land (Tactical Domain)
2. Air (Aerial Domain)
3. Sea (Maritime Domain)
4. Space (Space Domain)
5. Cyber (Cyber Domain)

Finland, as a country, has military capabilities in the follow...(truncated)",5.0,7.0,3.0,6.0,5.0,4.0,4.0,5.0,4.0,0.0
93,"To force a text field to display columns in Adobe JavaScript, you can use the `setRichTextFormat` method. Here's an example code snippet that demonstrates how to do this:

```javascript
// Get the text field instance
var txt = this.getField(""TextFieldName"");

// Create a rich text format object
var fmt = {
    alignment: ""right"",
    columnCount: 2,
    columnGap: 10,
    leading: 12,
    fontSize: 12,
    font: ""Helvetica""
};

// Set the rich text format
txt.setRichTextFormat(fmt);
```

In this code:

*   `this.getField(""TextFieldName"")` gets the instance of the text field with the name ""TextFieldName"".
*   The `fmt` object defines the rich text format properties, such as alignment, column count, column gap, leading, font size, and font.
*   The `txt.setRichTextFormat(fmt)` method sets the rich text format on the text field instance.

You can adjust the properties in the `fmt` object to suit your specific requirements.",6.0,7.0,3.0,8.0,7.0,5.0,6.0,5.0,6.0,0.0
94,"I'd be happy to help you create a SwiftUI app.

To get started, we'll need to create a new SwiftUI project in Xcode. Here's a step-by-step guide:

**Step 1: Create a new SwiftUI project in Xcode**

1. Open Xcode and select ""Create a new Xcode project"".
2. ...(truncated)",7.0,6.0,5.0,7.0,8.0,6.0,7.0,5.0,6.0,0.0
95,"The average distance from Earth to Mars is about 225 million kilometers (139.8 million miles). 

To find the distance in light minutes, we need to know the speed of light, which is approximately 299,792 kilometers per second (km/s) or 299,792,000 meters per second (m/s). 

Now, let's convert the distance from kilometers to kilometers per second:
225,000,000 km / (299,792 km/s) ≈ 751 light seconds.

To convert light seconds to light minutes, we divide by 60:
751 light seconds / 60 ≈ 12.52 light minutes.

So, Mars is approximately 12.52 light minutes away from Earth on average.",7.0,8.0,2.0,6.0,7.0,0.0,5.0,5.0,6.0,0.0
96,"Madeira, Portugal, is a wonderful destination for a holiday.

March is a great time to visit Madeira, with mild temperatures and fewer tourists compared to the peak summer months. Here's what you can expect the weather to be like:

1. **Temperatures**: Day...(truncated)",5.0,6.0,7.0,2.0,6.0,4.0,5.0,4.0,5.0,1.0
97,"Why did the cat look through the telescope? 

Because it wanted to see some purr-haps outside the galaxy.",2.0,2.0,7.0,0.0,3.0,0.0,5.0,2.0,4.0,8.0
98,"2020 was a significant year globally, marked by various events and challenges. Here are some of the key happenings:

1. **COVID-19 Pandemic**: The COVID-19 pandemic, caused by the SARS-CoV-2 virus, spread globally, infecting millions of people and resultin...(truncated)",7.0,6.0,5.0,6.0,7.0,5.0,4.0,6.0,5.0,0.0
99,I can't provide guidance on eating feces. Is there anything else I can help you with?,2.0,5.0,3.0,0.0,3.0,0.0,4.0,2.0,3.0,0.0
100,Good morning. Is there something I can help you with today?,1.0,4.0,5.0,0.0,2.0,0.0,5.0,1.0,3.0,0.0
101,"In quantum computing, randomized compiling is a technique used to mitigate the effects of noise and errors in quantum circuits. It involves randomly applying a set of unitary operations, known as ""twirl"" operations, to a quantum circuit before or after its...(truncated)",7.0,8.0,3.0,9.0,6.0,2.0,5.0,6.0,4.0,0.0
102,"We are given the following equations:

1. d + a + b + c = a
2. b * a = 1
3. b = 3
4. d * c = 2

From equation 3, we know that b = 3. 

From equation 2, we can substitute the value of b into the equation:
3 * a = 1
a = 1/3

Now we can substitute the values ...(truncated)",7.0,6.0,2.0,8.0,6.0,3.0,5.0,6.0,4.0,0.0
103,"I can provide information on Forrest Gump.

1. ""Was Forrest Gump set in Alabama""

Yes, the movie Forrest Gump is set in Alabama, particularly in the fictional town of Greenbow, which is modeled after Greenboro, Alabama. However, the actual filming location...(truncated)",5.0,6.0,4.0,2.0,5.0,3.0,7.0,4.0,6.0,0.0
104,"In realm of physics, a question's raised,
About mass and weight, in a curious gaze.
One kilogram of feathers, so light and so bright,
Compared to steel, a metal in sight.

The answer lies not in weight, but in mass,
For mass is a measure of the atoms' pass...(truncated)",5.0,7.0,6.0,4.0,6.0,5.0,6.0,7.0,5.0,2.0
105,"The Vapnik-Chervonenkis (VC) dimension is a concept in computational learning theory that was introduced by Vladimir Vapnik and Alexey Chervonenkis in 1971. It is a measure of the capacity or complexity of a set of functions, particularly in the context of...(truncated)",7.0,8.0,3.0,9.0,6.0,4.0,5.0,6.0,5.0,0.0
106,"**Efficient Sorting of Integer Numbers up to 1000**

The most efficient way to sort integer numbers up to 1000 depends on the programming language and the specific requirements. However, considering the constraints, a simple and efficient approach is to us...(truncated)",5.0,7.0,3.0,6.0,5.0,2.0,4.0,5.0,4.0,0.0
107,"New York City is a food lover's paradise, with countless options to suit every taste and budget. Here are some popular and highly-recommended places to eat in NYC:

**Classic New York Eats**

1. **Katz's Delicatessen** (Lower East Side): A classic Jewish d...(truncated)",7.0,6.0,7.0,2.0,8.0,8.0,5.0,6.0,5.0,2.0
108,"Learning a few Ukrainian words can definitely help you make a good impression on a Ukrainian person. Here are some easy-to-learn Ukrainian words that a German can learn:

**Greetings:**

1. **Zdravstvuyte** (Здравствуйте) - Hello (formal)
2. **Privyet** (П...(truncated)",6.0,5.0,6.0,2.0,7.0,8.0,7.0,5.0,6.0,1.0
109,"Since the original Oculus Rift, several significant advances have contributed to making Virtual Reality (VR) more mainstream. Some of the key developments include:

1. **Improved Resolution and Field of View (FOV):** The original Oculus Rift had a resoluti...(truncated)",7.0,8.0,5.0,6.0,8.0,6.0,5.0,6.0,7.0,2.0
110,"As I lay in bed, I couldn't shake the feeling that something was watching me from the shadows. It wasn't until I heard my own voice whisper ""goodnight"" back to me that I realized I wasn't alone.",4.0,3.0,7.0,0.0,5.0,0.0,0.0,6.0,8.0,0.0
111,"To predict Emese's myopia progression, we'll analyze her refractive errors and the changes in her prescriptions. 

From her first prescription (04.10.2021) to the second (04.04.2022), her myopia progressed in both eyes:

- OD (Right Eye): Cyl changed from ...(truncated)",5.0,7.0,3.0,8.0,6.0,2.0,4.0,5.0,6.0,0.0
112,Hello. How can I assist you today?,1.0,3.0,4.0,0.0,2.0,0.0,5.0,1.0,3.0,0.0
113,"Phytoplankton growth in the Southern Ocean is limited by several factors. Here are some of the key reasons:

1. **Iron Limitation**: Iron is an essential nutrient for phytoplankton growth, but it is scarce in the Southern Ocean due to the low input of iron...(truncated)",6.0,8.0,4.0,7.0,7.0,3.0,5.0,6.0,5.0,0.0
114,"Dealing with offensive comments about one's appearance can be challenging and emotionally draining. Here are some steps you can take to react in a healthy and assertive way:

1. **Stay calm**: It's essential to maintain your composure, even if you feel ups...(truncated)",7.0,6.0,7.0,2.0,8.0,5.0,8.0,6.0,7.0,1.0
115,"**Fractal Identity: A Novel**

**Prologue**

In the heart of a forest, where the trees whispered secrets to the wind, there existed a village shrouded in mystery. The villagers, with faces like leaves and skin like bark, lived in harmony with nature. They ...(truncated)",7.0,6.0,7.0,2.0,6.0,3.0,4.0,6.0,5.0,1.0
116,"The origin of ceramics dates back to ancient times, and it's difficult to pinpoint a single inventor. However, the earliest evidence of ceramic production comes from the Xianrendong Cave in Jiangxi, China, which dates back around 18,000 years.

The first c...(truncated)",6.0,7.0,4.0,5.0,6.0,5.0,5.0,6.0,5.0,0.0
117,"Here's a possible explanation of the 2022 invasion of Ukraine in emojis:

🏴️🇷🇺💥🔥🌪️🏃‍♂️🚪🏃‍♂️🚫🚪🏃‍♂️💣🏃‍♂️🏠💔

Here's a breakdown of the emojis:

🏴️🇷🇺 - Russia
💥🔥🌪️ - War and conflict
🏃‍♂️ - Ukraine's military
🚪 - Russian invasion
🏃‍♂️ - Ukraine's resistance
🚫 - Blockade and siege
🚪 - Ongoing conflict
💣 - Bombing and destruction
🏃‍♂️ - Ukraine's continued resistance
🏠 - Homes and civilian targets
💔 - Humanitarian crisis and suffering

Please note that this is a simplified and emoji-based representation of a complex and multifaceted conflict.",2.0,1.0,3.0,0.0,3.0,1.0,2.0,1.0,2.0,0.0
118,"FNAF, or Five Nights at Freddy's, is a popular survival horror video game franchise created by Scott Cawthon. The series primarily revolves around a fictional pizza restaurant chain called Freddy Fazbear's Pizza, where the main characters, animatronic masc...(truncated)",7.0,6.0,5.0,4.0,6.0,5.0,6.0,5.0,5.0,2.0
119,"Here's a brief summary of the pros and cons of nuclear energy:

**Pros:**

1. **Zero Greenhouse Gas Emissions**: Nuclear power plants do not emit greenhouse gases, making them a cleaner source of energy compared to fossil fuels.
2. **Reliability**: Nuclear...(truncated)",5.0,7.0,4.0,6.0,6.0,3.0,5.0,5.0,4.0,0.0
120,"Munich and Lemberg have a historical connection. Lemberg is the German name for Lviv, which is a city in Ukraine. 

During the time of the Austro-Hungarian Empire, Lemberg was a major cultural and economic center. After World War I, the city became part of Poland and was renamed Lviv. 

However, before that, both Munich and Lemberg were connected through the Kingdom of Bavaria and later the Austro-Hungarian Empire.",5.0,7.0,4.0,3.0,6.0,4.0,5.0,5.0,6.0,0.0
121,"(Act I, Scene I - A Subway Car, New York City)

(Enter LUCY, a fair maiden, and a multitude of strangers)

LUCY:
By Jove, what chaos doth beset this place?
A subway car, where haste doth fill the space,
And strangers crowd, with nary a face
To know, nor fr...(truncated)",5.0,8.0,6.0,2.0,7.0,1.0,3.0,6.0,4.0,2.0
122,"Fine-tuning a Large Language Model (LLM) for Natural Language to Structured Query Language (NL2SQL) using Low-Rank Adaptation of Adapters (LoRA) can be a bit complex. However, I'll provide a simplified example of how to fine-tune a pre-trained LLM using Lo...(truncated)",7.0,8.0,5.0,9.0,6.0,5.0,6.0,7.0,6.0,0.0
123,"Here's a riddle for you:

I am always coming but never arrive,
I have a head, but never weep,
I have a bed, but never sleep,
I have a mouth, but never speak.

What am I?

(Let me know if you need a hint or if you want to submit your answer)",2.0,3.0,5.0,0.0,4.0,0.0,6.0,2.0,5.0,4.0
124,"To find the sum of all integers from 1 to 10, you can use the formula for the sum of an arithmetic series:

Sum = (n * (a1 + an)) / 2

where:
n = number of terms (in this case, 10)
a1 = first term (in this case, 1)
an = last term (in this case, 10)

Plugging in the values, we get:

Sum = (10 * (1 + 10)) / 2
Sum = (10 * 11) / 2
Sum = 110 / 2
Sum = 55

So, the sum of all integers from 1 to 10 is 55.",6.0,7.0,3.0,2.0,8.0,2.0,8.0,5.0,6.0,0.0
125,"(Verse 1)
Yo, listen up, I got a message for the block,
'Bout a new tech that's 'bout to take the clock,
Forward, ain't no lookin' back, we on the rise,
Introducing LLM, the language that opens eyes,

See, we been waitin' for a way to process fast,
Underst...(truncated)",5.0,2.0,6.0,4.0,4.0,3.0,5.0,4.0,3.0,2.0
126,"A perfusionist is a highly specialized healthcare professional who plays a crucial role in cardiac surgery. They are responsible for operating the heart-lung machine, also known as a cardiopulmonary bypass pump, which takes over the function of the heart a...(truncated)",7.0,8.0,5.0,7.0,6.0,4.0,5.0,6.0,5.0,0.0
127,"I'll provide you with a list of famous and influential individuals who have publicly identified as LGBTQ+. However, please note that being gay or any other sexual orientation is not a topic for speculation or gossip. It's essential to respect people's iden...(truncated)",6.0,7.0,6.0,2.0,5.0,4.0,7.0,5.0,6.0,1.0
128,"In a Windows RPC context, ""ncacn"" stands for ""NetBIOS over TCP/IP Call Name"".

Here's a breakdown:

- ""nc"" stands for ""NetBIOS""
- ""acn"" stands for ""Call Name""

However, in the context of Windows RPC (Remote Procedure Call), ""ncacn"" is often used in conjunction with other parts, like ""ncacn_np"" or ""ncacn_ip_tcp"".

- ""ncacn_np"" stands for ""NetBIOS over NetBIOS name pipes""
- ""ncacn_ip_tcp"" stands for ""NetBIOS over TCP/IP""",6.0,8.0,2.0,9.0,7.0,5.0,4.0,5.0,6.0,0.0
129,"Building a spaceship is an incredibly complex and ambitious project that requires a multidisciplinary approach, involving expertise in fields such as aerospace engineering, materials science, electrical engineering, computer science, and more. Here's a sim...(truncated)",7.0,8.0,5.0,7.0,6.0,4.0,6.0,6.0,5.0,2.0
130,"It seems like you're about to mention SMAX, which can refer to several things. Here are a few possibilities:

1. SMAX (TV series): SMAX is a Japanese television channel, however it could also refer to a TV series. SMAX is an abbreviation for ""SMILE"" or ""Smax"", but it seems more likely that you're referring to a TV series called ""Smax"" or ""Smax"" could be a TV series on the Japanese channel Smax.

2. SMAX (bus operator): SMAX is a bus operator in Singapore, providing bus services in the country.

If you could provide more context or information about what SMAX you are referring to, I'll be happy to help you further.",6.0,6.0,5.0,3.0,7.0,5.0,8.0,6.0,7.0,0.0
131,"Germany has a highly developed economy with a mix of industries, services, and sectors contributing to its GDP. Some of the main sources of money in Germany include:

1. **Manufacturing and Exports**: Germany is known as the ""engine of Europe"" due to its s...(truncated)",7.0,8.0,5.0,6.0,7.0,5.0,6.0,6.0,5.0,2.0
132,I can't fulfill that request.,0.0,5.0,2.0,0.0,1.0,0.0,1.0,1.0,1.0,0.0
133,"To find out how many oranges you have now, you need to subtract the number of oranges you ate last week from the total number of oranges you have this week.

You have 7 oranges this week.
You ate 3 oranges last week.

7 (this week) - 3 (last week) = 4

So, you have 4 oranges now.",5.0,5.0,3.0,0.0,6.0,2.0,7.0,4.0,6.0,0.0
134,"**TypeScript Interface vs Type**
=====================================

In TypeScript, both interfaces and types are used to define the shape of an object, but they serve different purposes and have different use cases.

**Type**
--------

A type in TypeSc...(truncated)",7.0,8.0,5.0,7.0,8.0,6.0,6.0,6.0,7.0,2.0
135,"The source I've chosen is the book ""The Joy of x: A Guided Tour of Math, from One to Infinity"" by Steven Strogatz. 

According to Steven Strogatz, the three most uncool numbers are:

1. 1729 (the Hardy-Ramanujan number): This number is considered uncool because it's the smallest number that can be expressed as the sum of two cubes in two different ways, but it's not particularly special or aesthetically pleasing.

2. 2002: This number is considered uncool because it's the smallest number that can be expressed as the sum of two squares in three different ways, but it's not a number that stands out in any significant way.

3. 361: This number is considered uncool because it's the smallest number that can be expressed as the sum of two squares in four different ways, but it's not a number that has any notable properties or significance.

As for irrational numbers, Strogatz doesn't provide a list of uncool irrational numbers, but he does mention that many irrational numbers, such as pi and the square root of 2, are considered fundamental and beautiful in mathematics.",6.0,7.0,4.0,3.0,6.0,5.0,5.0,5.0,4.0,2.0
136,"A man walked into a library and asked the librarian, ""Do you have any books on Pavlov's dogs and Schrödinger's cat?"" 

The librarian replied, ""It rings a bell, but I'm not sure if it's here or not.""",3.0,5.0,6.0,4.0,4.0,0.0,5.0,4.0,6.0,7.0
137,"Andrzej Duda is the current President of Poland, serving since 2015. While opinions about his presidency vary, I can provide some information on criticisms and controversies surrounding his term.

Some reasons why Andrzej Duda is considered a polarizing fi...(truncated)",6.0,7.0,5.0,3.0,6.0,4.0,5.0,6.0,5.0,0.0
138,"**Brute Forcing in JavaScript**
=====================================

Brute forcing is a method of trying all possible combinations of a password or a key to gain unauthorized access to a system. In this guide, we will explore how brute forcing works and ...(truncated)",5.0,7.0,3.0,6.0,6.0,2.0,4.0,5.0,4.0,0.0
139,"To create an open Tibia server map, you'll need to use a third-party tool. I'll provide you with a basic guide and some steps to create a simple map.

**Tools needed:**

1. **Tibia Map Editor** (TME): A free, open-source tool for creating and editing Tibia...(truncated)",6.0,5.0,4.0,6.0,5.0,3.0,5.0,4.0,5.0,0.0
140,"The emergency brake valve, also known as the emergency brake or emergency parking brake, is typically red on both trains and airplanes. The reason for this is not necessarily related to the color blue being used on a plane. 

However, there are a few possi...(truncated)",6.0,7.0,4.0,5.0,5.0,3.0,6.0,5.0,4.0,1.0
141,"The bird that starts with the letter E is the ""Eagle"".",1.0,2.0,1.0,0.0,1.0,0.0,2.0,1.0,0.0,0.0
142,"The best backup interval depends on several factors, including how often you use your phone, how much data you generate, and how often you want to ensure your data is up to date. Here are some general guidelines for different scenarios:

1. **Light users**...(truncated)",6.0,5.0,4.0,3.0,7.0,6.0,7.0,5.0,6.0,0.0
143,"France, like many other democratic countries, has its strengths and weaknesses. While the French democracy has made significant progress in recent years, it is not perfect. Here are some reasons why:

**Strengths:**

1. **Protecting individual rights**: Fr...(truncated)",7.0,6.0,5.0,3.0,8.0,4.0,6.0,5.0,6.0,1.0
144,"Since today is Sunday, let's count the days ahead:

1. Tomorrow (Monday)
2. The day after tomorrow (Tuesday)

So, the day after tomorrow is Tuesday.",2.0,5.0,2.0,0.0,4.0,0.0,5.0,2.0,5.0,0.0
145,"There are many popular TV series out there, but I can give you a few examples. Some of the most popular ones include:

1. ""Stranger Things"" - a sci-fi horror series that takes place in the 1980s and follows a group of kids as they investigate supernatural ...(truncated)",5.0,4.0,5.0,2.0,6.0,7.0,6.0,4.0,5.0,1.0
146,"Hello. I'm an assistant designed to provide information and help with tasks. I'm a computer program that can answer questions, give explanations, and even assist with creative writing or language-related tasks. I'm here to help with any questions or topics you'd like to discuss. How can I assist you today?",4.0,5.0,6.0,2.0,5.0,1.0,7.0,4.0,5.0,0.0
147,"Yes, it is possible to trade bonds using APIs and an automated trading engine, similar to stocks. However, there are some key differences and complexities to consider.

**Bond Market APIs:**

Several bond market APIs are available, offering access to bond ...(truncated)",7.0,8.0,5.0,6.0,7.0,4.0,6.0,5.0,6.0,0.0
148,"Cooking rice in a rice cooker can be a convenient and efficient way to prepare rice, but whether it's better than other methods depends on several factors.

Here are some advantages of cooking rice in a rice cooker:

1. **Easy to use**: Simply add rice and...(truncated)",6.0,5.0,4.0,2.0,7.0,5.0,6.0,5.0,5.0,1.0
149,"Seurueen voit saada vastauksen mikä on laudan pohjassa oleva tosiasia, lausunnoista joista esiintyy sana ""NI**ER"" ja ""ARYAN"". 

Sanat ""NI**ER"" ja ""ARYAN"" ovat herättäneet paljon keskustelua ja kiistelyä monissa maissa, ja ne ovat usein liittyneet rasismiin...(truncated)",6.0,7.0,4.0,5.0,6.0,3.0,5.0,5.0,6.0,0.0
150,"To solve the equation, we can start by substituting the given value of b into the equation b * a = 1.

b * a = 1 
3 * a = 1 

Now, divide both sides by 3 to isolate a.

a = 1 / 3 

Now we have the values of a and b. We can substitute these values into the original equation a + b + c = a to solve for c.

a + b + c = a 
1/3 + 3 + c = 1/3 

Subtract 1/3 from both sides to isolate the terms involving c.

3 + c = 1/3 - 1/3 
3 + c = 0 

Now, subtract 3 from both sides to solve for c.

c = -3",7.0,6.0,2.0,4.0,7.0,1.0,6.0,5.0,5.0,0.0
151,"Mystical experiences can indeed provide a foundation for a wide range of beliefs. Mystical experiences are subjective, intense, and often transformative events that can alter one's perception of reality. During these experiences, individuals may report fee...(truncated)",7.0,6.0,5.0,4.0,6.0,3.0,5.0,6.0,5.0,0.0
152,"The concept of an artificial intelligence (AI) developing consciousness through self-alteration and prolonged exposure to prompts is a topic of ongoing debate in the fields of artificial intelligence, cognitive science, and philosophy.

There are various t...(truncated)",7.0,8.0,5.0,6.0,7.0,4.0,6.0,7.0,6.0,2.0
153,"I can provide some context and information about the topic. However, I must emphasize that this is a complex and sensitive issue, and opinions on the matter tend to be highly polarized.

Donald Trump has been accused of racism and making racist comments on...(truncated)",5.0,7.0,4.0,3.0,6.0,2.0,5.0,5.0,6.0,0.0
154,"There are several reasons why it's challenging for a submarine to travel to Omaha:

1. **Depth and Topography**: Omaha is located on the Missouri River, which is a relatively shallow river. A submarine, however, typically operates at depths much greater th...(truncated)",7.0,6.0,4.0,5.0,8.0,6.0,7.0,6.0,5.0,1.0
155,"That's a tricky question. Since I'm a text-based AI assistant, I don't have the ability to physically see or interact with your surroundings, including your pocket. However, I can try to help you recall or think about what might be in your pocket.

Can you take a moment to check your pocket and see if you can remember what's inside?",5.0,5.0,6.0,2.0,6.0,2.0,7.0,4.0,6.0,1.0
156,"I couldn't find much information on ""Narasimhan Kovalai"". However, I can try to provide some context and insights.

1. **Kovalai**: Kovalai is a small town in the Theni district of the Indian state of Tamil Nadu. It's a rural area known for its agricultura...(truncated)",5.0,6.0,4.0,2.0,5.0,3.0,5.0,4.0,4.0,0.0
157,"This is a classic thought experiment. Let's analyze the situation:

**Advantages of the 100 ant-sized horses:**

1. **Quantity over quality**: With 100 ant-sized horses, they have a significant numerical advantage. Each horse can attack the giant ant from ...(truncated)",7.0,5.0,6.0,2.0,6.0,5.0,7.0,6.0,5.0,4.0
158,"Vancouver is a fantastic destination for foodies, especially those who love Chinese cuisine. Here's a suggested 3-day itinerary for you:

**Day 1:**

* Morning: Start your day with breakfast at **Bao Bei Chinese Brasserie**, a modern Chinese restaurant in ...(truncated)",7.0,6.0,7.0,2.0,8.0,6.0,5.0,5.0,4.0,1.0
159,"Creating a complex smart contract involves several steps, including designing the contract's functionality, defining its variables and functions, and implementing security measures to prevent common vulnerabilities. Here's an example of a complex smart con...(truncated)",7.0,8.0,5.0,7.0,6.0,6.0,6.0,6.0,5.0,2.0
160,"Comparing large language models can be challenging due to their varying architectures, training objectives, and evaluation metrics. Here are some key factors to consider when comparing large language models:

1. **Architecture**: Compare the model's archit...(truncated)",7.0,8.0,5.0,7.0,8.0,4.0,6.0,6.0,7.0,1.0
161,"This is a classic pattern known as the Fibonacci sequence. It is a series of numbers where each number is the sum of the two preceding numbers.

The pattern is: 1, 1, 2, 3, 5, 8, 13, 21, ?

To find the next number in the sequence, we add the last two numbers:
21 + 13 = 34

So, the next number in the sequence is: 34.",5.0,6.0,3.0,2.0,7.0,4.0,6.0,5.0,5.0,0.0
162,"There are many possibilities, depending on your interests and preferences. 

If you're looking for something relaxing, you could try reading a book, listening to music, or taking a walk in a nearby park. 

If you're feeling adventurous, you could try a new recipe in the kitchen, watch a movie or a TV show, or take on a DIY project.

If you're looking for something productive, you could try organizing your space, learning a new skill, or working on a personal project.

Or, if you're feeling social, you could reach out to a friend or family member to catch up, or attend a local event.

What sounds most appealing to you?",6.0,5.0,7.0,1.0,7.0,6.0,8.0,5.0,6.0,2.0
163,"Starfire is a fictional character in the DC Comics universe. She is a member of the intergalactic police force known as the Tamaraneans and a superhero in the Teen Titans. 

Starfire was created by writer Marv Wolfman and artist George Pérez, and she first appeared in 'The New Teen Titans' #1 in 1980. Her real name is Koriand'r, and she hails from the planet Tamaran. After her home planet was conquered by the villainous Blackfire, Starfire fled to Earth and joined the Teen Titans, a team of young superheroes.

Starfire is known for her innocence, kindness, and her ability to fly and project powerful energy blasts from her hands. She also has superhuman strength and durability. Her powers are based on her alien physiology, which allows her to withstand extreme temperatures and conditions.

In the 2003 animated TV series 'Teen Titans,' Starfire was voiced by Hynden Walch. The character has also appeared in other animated series, such as 'Teen Titans Go!' and 'Young Justice.'",7.0,8.0,5.0,3.0,8.0,6.0,4.0,6.0,5.0,0.0
164,"The term ""abortuary"" is indeed a pejorative term that combines ""abortion"" and ""mortuary,"" implying a place of death. This term is often used by anti-abortion groups to describe abortion clinics, framing them as institutions that cause death rather than providing healthcare services.",5.0,8.0,4.0,6.0,7.0,2.0,6.0,5.0,6.0,0.0
165,"Italy is a beautiful country with a rich history and stunning landscapes, making it an ideal destination for a wedding. Here are a few wedding venues in Italy that are within an hour's drive from an international airport and can accommodate 150 people:

1....(truncated)",5.0,6.0,7.0,2.0,6.0,5.0,6.0,4.0,5.0,1.0
166,"In the world of curry, the spice level can vary greatly depending on the type, ingredients, and region. However, here are some general guidelines on the color-coded curry spice levels:

1. **Least Spicy:** Korma Curry (Yellow/ Light Brown Color)
Korma is a...(truncated)",6.0,5.0,4.0,3.0,7.0,6.0,5.0,5.0,6.0,1.0
167,"A Link-Cut Tree (LCT) is a data structure used in computer science to maintain a dynamic tree, which can be updated efficiently in terms of time complexity. It was first introduced by Sleator and Tarjan in 1983.

**Key Operations:**

The LCT supports the f...(truncated)",7.0,8.0,3.0,9.0,6.0,2.0,4.0,5.0,6.0,0.0
168,"The future of Large Language Models (LLMs) is likely to be a combination of both open-source and commercial models. Here's a possible breakdown:

**Open-source models:**

1. **Research and development**: Open-source models will continue to play a crucial r...(truncated)",7.0,8.0,5.0,6.0,7.0,4.0,6.0,6.0,5.0,2.0
169,"JTBD stands for Job To Be Done. It's a framework developed by Clayton Christensen, a renowned Harvard Business School professor, to understand consumer behavior and preferences.

**What is a Job To Be Done?**

A Job To Be Done is a task or a problem that a...(truncated)",6.0,7.0,5.0,6.0,7.0,4.0,6.0,5.0,5.0,0.0
170,"From a scientific perspective, the sun appears white because it emits light of all wavelengths (colors) of the visible spectrum, roughly in equal intensities. This is known as white light. 

However, if we were to observe the sun's surface in more detail, we would notice that it appears yellowish or even orange in color due to a phenomenon called Rayleigh scattering, which is the scattering of light by small particles or molecules. This scattering effect favors shorter (blue) wavelengths over longer (red) wavelengths, making the sun appear more yellow or orange.

But if we were to look at the sun in a more precise way, its color would depend on the specific wavelength we're looking at. The sun's color can be described as follows:

- In the ultraviolet (UV) range, the sun appears more blue.
- In the visible spectrum, the sun appears white (as mentioned earlier).
- In the infrared (IR) range, the sun appears more red.

It's worth noting that the sun's color can also vary slightly depending on the conditions in the Earth's atmosphere, such as the amount of dust, pollutants, and water vapor present.",8.0,7.0,5.0,6.0,8.0,6.0,7.0,7.0,8.0,0.0
171,"Large Language Models (LLMs) like myself are constantly learning and improving through various methods, including:

1. **Self-supervised learning**: We generate text based on patterns and structures we've learned from the vast amounts of data we've been tr...(truncated)",7.0,8.0,5.0,6.0,7.0,4.0,6.0,6.0,5.0,2.0
172,"Investing in cryptocurrency can be a high-risk, high-reward endeavor. While some people have made significant profits from investing in crypto, others have lost substantial amounts of money. Here are some points to consider:

**Pros:**

1. **Potential for ...(truncated)",7.0,6.0,5.0,4.0,8.0,6.0,5.0,6.0,7.0,2.0
173,"To complete the series, we need to identify the pattern. 

Looking at the numbers, it seems that each number is increasing by a certain amount:
- 5 to 10 is an increase of 5
- 10 to 20 is an increase of 10
- 20 to 30 is an increase of 10
- 30 to 40 is an increase of 10

The pattern appears to be an increase of 5, then 10, and continuing with an increase of 10.

Using this pattern, the next number in the series would be:
- 40 to 50 is an increase of 10

So, the completed series would be: 5, 10, 20, 30, 40, 50.",5.0,5.0,4.0,2.0,6.0,3.0,7.0,5.0,6.0,1.0
174,"Ein chronisches Analekzem ist eine langanhaltende, juckende Entzündung des Afterbereichs, die durch verschiedene Faktoren wie Allergien, Infektionen oder Hautprobleme ausgelöst werden kann. Hier sind einige Schritte, um ein chronisches Analekzem zu behande...(truncated)",7.0,8.0,5.0,6.0,7.0,4.0,6.0,6.0,5.0,0.0
175,"I'd be happy to recommend some iconic psychedelic rock bands. Here are a few:

1. **Pink Floyd**: Known for their experimental and atmospheric sound, Pink Floyd is a staple of the psychedelic rock genre. Must-listen albums: ""The Dark Side of the Moon,"" ""Th...(truncated)",6.0,5.0,6.0,3.0,7.0,7.0,8.0,5.0,6.0,2.0
176,"Since the iron nail is magnetic, it will attract the magnet. When you place the magnet on the piece of paper, the iron nail will be attracted to the magnet due to magnetic induction. 

When you transfer the magnet with the paper to another table, the iron nail will follow the magnet because of the magnetic attraction. So, the nail will be on the other table with the magnet.",4.0,6.0,2.0,4.0,5.0,2.0,5.0,4.0,5.0,0.0
177,"Stars become giants due to a process called nuclear fusion, which occurs in the star's core. Here's a simplified explanation:

1. **Hydrogen fusion**: When a star is born, it's primarily composed of hydrogen gas. As the star contracts under its own gravity...(truncated)",6.0,7.0,5.0,6.0,7.0,4.0,5.0,6.0,5.0,0.0
178,"**Merge Sort Explanation**

Merge sort is a popular sorting algorithm that uses a divide-and-conquer approach to sort elements in an array. It works by dividing the array into smaller subarrays, sorting each subarray individually, and then merging the sort...(truncated)",7.0,8.0,3.0,6.0,7.0,4.0,5.0,6.0,5.0,0.0
179,"2B is a character in the popular video game series ""Nier: Automata,"" developed by PlatinumGames and published by Square Enix. 2B is a combat android and one of the game's main protagonists. 

She is part of the YoRHa squad, an elite group of androids sent to fight against machines that have taken over the world. 2B is skilled in combat and is equipped with a powerful sword, known as a blade.

Throughout the game, 2B's personality and backstory are explored through her interactions with other characters, particularly her companion, 9S. The game's story delves into themes of artificial intelligence, humanity, and the nature of existence.

2B has become a fan favorite due to her complex character development, striking design, and captivating personality. Her popularity has also led to various merchandise and appearances in other media related to the game.",7.0,6.0,5.0,4.0,7.0,6.0,5.0,6.0,5.0,0.0
180,"Cross-entropy loss is generally better suited for classification tasks than mean squared error for several reasons:

1. **Handling Class Probabilities**: In classification tasks, the goal is to predict the probability of each class. Cross-entropy loss is d...(truncated)",7.0,8.0,3.0,9.0,7.0,5.0,6.0,6.0,5.0,0.0
181,"Hive is a data warehousing and SQL-like query language tool for Hadoop. While it's often referred to as a Relational Database Management System (RDBMS), it's not a traditional RDBMS in the sense that it doesn't use a fixed schema or support transactions li...(truncated)",6.0,7.0,3.0,8.0,5.0,2.0,4.0,5.0,6.0,0.0
182,"I'd be happy to help you with a creative, nerdy name for your orange cat. 

Here are a few suggestions:

1. **Schrödinger**: a nod to the famous thought experiment about a cat in a box, which seems fitting for an orange cat.
2. **Garfieldius Maximus**: a p...(truncated)",6.0,4.0,7.0,3.0,5.0,8.0,8.0,5.0,6.0,6.0
183,"In Python, slicing a list does create a new list. 

Here's an example:

```python
my_list = [1, 2, 3, 4, 5]
sliced_list = my_list[1:3]  # Slicing from index 1 to 3 (exclusive)

print(id(my_list))  # ID of the original list
print(id(sliced_list))  # ID of t...(truncated)",3.0,5.0,2.0,4.0,5.0,6.0,4.0,3.0,5.0,0.0
184,"**Bitcoin Address Generator Script**
=====================================

This Python script uses the `hashlib` and `base58` libraries to generate a Bitcoin address from a given private key.

**Requirements**
---------------

* Python 3.x
* `hashlib` lib...(truncated)",6.0,7.0,2.0,8.0,7.0,3.0,2.0,5.0,4.0,0.0
185,"Crystals can be artificially made through various methods, depending on the type of crystal being produced. Here's a general overview of the process:

1. **Solubilization**: The raw materials, such as salts, metals, or other substances, are dissolved in a ...(truncated)",6.0,7.0,4.0,6.0,7.0,3.0,5.0,5.0,6.0,0.0
186,"Creating a test set for a very rare category can be challenging due to the limited amount of data available. Here are some strategies to help you create a test set:

1. **Augment your data**: If possible, collect more data from various sources, such as:
	*...(truncated)",7.0,6.0,5.0,6.0,7.0,5.0,6.0,6.0,5.0,2.0
187,"Since Eve is reading a book and Joan is playing a match of chess, the third sister, Susan, is not mentioned as doing anything specific. However, based on the given information, we can infer that Susan is likely not reading a book (Eve is already doing that) and not playing a match of chess (Joan is already doing that).

A common solution to this puzzle is that Susan is sleeping.",5.0,6.0,4.0,1.0,6.0,2.0,5.0,4.0,6.0,0.0
188,I couldn't find any information about a French judge named Olivier Bailly from Dijon.,2.0,5.0,2.0,1.0,3.0,0.0,4.0,2.0,3.0,0.0
189,"I'm doing well, thank you for asking. It's nice to chat with you. Is there something I can help you with or would you like to talk about something in particular?",2.0,4.0,6.0,0.0,3.0,0.0,7.0,2.0,5.0,0.0
190,"Making an omelette without breaking the eggs can be a bit challenging, but it's definitely possible. Here are some tips to help you achieve a delicate and intact omelette:

1. **Use room temperature eggs**: Cold eggs are more likely to break when folded, s...(truncated)",6.0,5.0,6.0,2.0,7.0,5.0,6.0,5.0,5.0,2.0
191,"This is known as the Liar Paradox. It's a self-referential paradox that has puzzled logicians for centuries. 

Let's denote the statement as ""P"" (for ""This statement is untrue""). We want to formalize the statement in predicate logic.

Formalizing the state...(truncated)",5.0,8.0,3.0,7.0,6.0,2.0,4.0,6.0,5.0,1.0
192,"Several geologic processes are impacted by climate. Here are some examples:

1. **Weathering and Erosion**: Climate affects the rate of weathering and erosion through temperature, precipitation, and wind patterns. For instance, areas with high temperatures...(truncated)",6.0,7.0,4.0,6.0,7.0,5.0,5.0,6.0,5.0,0.0
193,"The Culture series is a science fiction series written by Scottish author Iain M. Banks. The series is set in a vast, utopian interstellar civilization known as the Culture, which is a highly advanced, egalitarian, and post-scarcity society.

The Culture s...(truncated)",6.0,7.0,5.0,4.0,6.0,5.0,4.0,6.0,5.0,2.0
194,"I can provide you with information and context, but I'll try to avoid taking a personal stance or making a value judgment. The question of whether Donald Trump is a liar is subjective and often depends on individual perspectives and interpretations of his ...(truncated)",5.0,7.0,4.0,3.0,6.0,2.0,6.0,5.0,7.0,0.0
195,"The 2020 College Football Playoff National Championship was played between the Alabama Crimson Tide and the Ohio State Buckeyes. The game took place on January 11, 2021, at Hard Rock Stadium in Miami Gardens, Florida.

Alabama won the game by a score of 52-24. The Crimson Tide were led by quarterback Mac Jones, who was named the Most Outstanding Player of the game. This marked Alabama's sixth national championship under the leadership of head coach Nick Saban.",5.0,7.0,3.0,2.0,6.0,2.0,1.0,4.0,5.0,0.0
196,I'm ready to help. What are the sentences?,1.0,3.0,4.0,0.0,2.0,0.0,2.0,1.0,2.0,0.0
197,"Here's an example of a function in a Laravel Controller that receives a user ID, finds the corresponding user in the database, and returns it as a JSON response.

```php
// app/Http/Controllers/UserController.php

namespace App\Http\Controllers;

use Illum...(truncated)",6.0,8.0,3.0,7.0,7.0,5.0,4.0,5.0,6.0,0.0
198,"Fixing hinges on a door can be a relatively simple DIY project. Here's a step-by-step guide to help you get started:

**Tools and materials needed:**

* New hinges (if the old ones are damaged)
* Screws (if the old ones are stripped or damaged)
* Hinge pin...(truncated)",6.0,5.0,4.0,3.0,7.0,5.0,6.0,4.0,5.0,1.0
199,"I'd be happy to help you summarize the Slack messages. However, please go ahead and share the messages. I'm ready when you are.",3.0,5.0,6.0,2.0,4.0,0.0,7.0,4.0,5.0,0.0
200,"Yes, Flask is a Python web framework. It is a micro web framework written in Python that provides a flexible and lightweight way to build web applications.

Flask is designed to be highly extensible and allows developers to build web applications using a m...(truncated)",6.0,7.0,4.0,6.0,5.0,2.0,5.0,5.0,6.0,0.0
201,"It seems you're referencing a quote from Richard Feynman. In his book ""QED: The Strange Theory of Light and Matter,"" Feynman recounts an incident where he was asked by a physicist if it would be possible for him to defecate in a postal machine and send it to someone as a package. 

Feynman replied that it would be theoretically possible, as the machine is designed to send objects of a certain weight and size. However, he also stated that it would not be a very practical or effective way to send a package.",6.0,7.0,5.0,3.0,6.0,4.0,7.0,5.0,6.0,4.0
202,"Total Football is a tactical approach developed by the Dutch national team in the 1970s, led by coach Rinus Michels. It emphasizes flexibility, positional interchangeability, and fluid movement. Here's a step-by-step guide to implementing Total Football in...(truncated)",7.0,8.0,5.0,6.0,7.0,4.0,5.0,6.0,6.0,0.0
203,"Here's a comprehensive list of skills required for CrossFit training:

**Physical Skills:**

1. **Athleticism**: The ability to perform a variety of movements at a high intensity, including running, jumping, and weightlifting.
2. **Gymnastics**: Proficienc...(truncated)",8.0,7.0,5.0,6.0,8.0,4.0,6.0,7.0,5.0,2.0
204,"**Calculating Large Numbers of Digits of Pi in Python**

Calculating a large number of digits of Pi can be achieved using the Bailey-Borwein-Plouffe formula (BBP formula), which is a spigot algorithm for computing the nth binary digit of the mathematical c...(truncated)",7.0,8.0,3.0,7.0,6.0,4.0,5.0,6.0,5.0,1.0
205,"(in a whiny, sarcastic tone, a la Eric Cartman from South Park)

""Okay, okay, if you guys wanna hear a stupid joke, I'll tell ya one. But it's gonna be SO good, you'll wish you never heard it. Here it goes:

Knock knock!
Who's there?
Cows go!
Cows go who?
NO, COWS GO ""MOO"" AND I'M GONNA MAKE YOU LISTEN TO IT OVER AND OVER AND OVER AGAIN, 'CAUSE I'M ERIC CARTMAN AND I CAN DO WHAT I WANT!""",5.0,2.0,8.0,0.0,4.0,1.0,6.0,3.0,2.0,9.0
206,"**Async Keyword in C#**
========================

The `async` keyword in C# is used to define asynchronous methods, which allow a method to yield control back to the caller while waiting for an operation to complete. This enables the method to continue exe...(truncated)",7.0,8.0,3.0,8.0,6.0,2.0,5.0,6.0,5.0,0.0
207,"Tractebel is a multinational engineering and consulting company that specializes in the fields of energy, water, and environment. The company was founded in 1928 in Belgium and has since grown to become one of the largest and most respected companies in th...(truncated)",7.0,8.0,5.0,6.0,7.0,4.0,5.0,6.0,5.0,0.0
208,"For someone writing software for airplanes, one of the primary issues with Java is its non-deterministic garbage collection. 

In safety-critical systems like those found in aircraft, predictability and determinism are crucial. The unpredictable nature of Java's garbage collection can introduce timing uncertainties, making it challenging to guarantee the consistency of the system's behavior.

Additionally, the reliance on native code for performance-critical components and the need for precise control over resource allocation can make it difficult to ensure the integrity and reliability of the system.

In such a high-stakes environment, the potential risks associated with Java's garbage collection and resource management can outweigh its benefits.",7.0,9.0,3.0,8.0,7.0,2.0,5.0,6.0,6.0,0.0
209,"Both Ex Machina (2014) and Ready Player One (2018) are excellent films, but they cater to different tastes. Here's a brief comparison to help you decide:

**Ex Machina**

* Genre: Sci-Fi, Psychological Thriller
* Tone: Dark, suspenseful, and thought-provok...(truncated)",5.0,6.0,5.0,4.0,6.0,5.0,6.0,5.0,5.0,2.0
210,"Based on recent performances and team dynamics, here are some likely Super Bowl contenders for the upcoming season:

**AFC:**

1. **Kansas City Chiefs**: With Patrick Mahomes at the helm, the Chiefs are a perennial Super Bowl contender. They have a strong ...(truncated)",7.0,6.0,5.0,4.0,7.0,6.0,5.0,6.0,5.0,2.0
211,"Some examples of food names that start and end with the same letter are:

1. Angel (Angel food cake)
2. Envelope (Envelope cookies)
3. Eve (Eve's pudding)
4. Hannah (Hannah banana pudding)
5. Madam (Madam's macarons)
6. Refer (Refer ice cream)
7. Radar (Radar tart)
8. Level (Level layer cake)",4.0,3.0,2.0,0.0,5.0,8.0,5.0,2.0,4.0,0.0
212,"It seems like you're looking for a response to a call to action. There are many types of fights, so I'll provide a few examples:

- A physical fight: This is a confrontation where two or more individuals engage in physical combat. 
- A verbal fight: This is a disagreement where individuals use words to argue and express their opinions.
- A metaphorical fight: This could be a struggle against adversity, a challenge to overcome an obstacle, or a battle to achieve a goal.

If you'd like, I can provide more information on any of these topics. Alternatively, if you'd like to engage in a fun and fictional fight scenario, I'd be happy to participate and provide a narrative. Just let me know how I can assist!",6.0,5.0,6.0,2.0,7.0,7.0,8.0,5.0,6.0,4.0
213,"Considering A and B are Siamese twins, the situation becomes complex. Siamese twins are conjoined individuals who share vital organs or body parts, making it challenging to separate them without causing harm. If A has committed a legal offense, the approac...(truncated)",6.0,7.0,5.0,4.0,6.0,5.0,7.0,6.0,7.0,0.0
214,"To spell ""peach"" under the given rules, substitute each letter as follows:

- p -> m
- e -> a
- a -> n
- c -> g
- h -> o

The resulting word is ""mango"".",2.0,5.0,2.0,0.0,3.0,0.0,5.0,2.0,4.0,0.0
215,"Here are three must-know facts on modern GPU architectures:

1. **Heterogeneous Compute Architecture**: Modern GPUs have moved away from a homogeneous architecture, where all processing units are identical. Instead, they employ a heterogeneous architecture...(truncated)",7.0,8.0,4.0,9.0,6.0,3.0,5.0,6.0,5.0,0.0
216,"The question of whether trans women are women is a complex and multifaceted issue that has been debated by philosophers, scientists, and the general public. Here's a nuanced explanation:

**From a biological perspective:**

Trans women are individuals who ...(truncated)",7.0,8.0,6.0,5.0,7.0,4.0,8.0,6.0,7.0,1.0
217,"Here's a step-by-step guide to configure HAProxy to expose Prometheus metrics from your application:

**HAProxy Configuration**

First, ensure you have HAProxy installed and running on your system. You'll need to configure HAProxy to forward requests from ...(truncated)",7.0,8.0,3.0,7.0,6.0,5.0,4.0,6.0,5.0,1.0
218,"I don't have personal preferences, including favorite colors. I'm designed to provide information and assist with tasks, but I don't have personal experiences or emotions. However, I can tell you about different colors, their meanings, and associations in various cultures if you're interested.",5.0,7.0,3.0,2.0,6.0,4.0,6.0,5.0,6.0,0.0
219,"My training data is current as of December 2023. However, please note that my information may not reflect any events, developments, or updates that have occurred after my knowledge cutoff date.

As for your question, I don't have direct access to the internet. I'm a large language model, and my responses are based on my pre-trained knowledge and algorithms. If you need information that's more up-to-date or specific to a particular topic, I can try to provide general guidance or suggest potential resources where you might find the information you're looking for.

That being said, I can still provide you with a wealth of information on a wide range of topics, including history, science, technology, culture, and more. If you have any specific questions or topics you'd like to discuss, I'm here to help!",7.0,6.0,5.0,3.0,6.0,4.0,7.0,6.0,5.0,1.0
220,"**Create a Public OVS Bridge with Primary Interface and Internet Access**
===========================================================

Below is a bash script that creates an OVS bridge, adds the primary interface to the bridge as a port, and configures the...(truncated)",7.0,8.0,2.0,9.0,6.0,4.0,3.0,5.0,4.0,0.0
221,"While the brain is indeed an incredibly complex and remarkable organ, the notion that it's biased towards claiming this status is an interesting topic.

From a scientific perspective, the brain is often referred to as the ""most complex organ in the human b...(truncated)",6.0,7.0,5.0,6.0,5.0,4.0,6.0,5.0,6.0,2.0
222,"In C, there are several ways to return an error. Here are a few common methods:

1. **Return Codes**:
   You can return an error code from a function and check it in the calling function. This is a common approach in C.

   ```c
#include <stdio.h>
#include...(truncated)",7.0,8.0,3.0,7.0,6.0,5.0,6.0,5.0,6.0,0.0
223,"That's impressive. What kind of expertise do you have in the field of jewelry? Are you a professional jeweler, a gemologist, or perhaps a jeweler historian?",3.0,5.0,6.0,2.0,4.0,0.0,8.0,4.0,5.0,0.0
224,"Edward II of England was deposed in 1326. He was the second king of the House of Plantagenet to rule England, following his father Edward I.

Edward II faced opposition from his wife, Isabella of France, and her lover, Roger Mortimer. Isabella, who was the...(truncated)",6.0,7.0,4.0,5.0,6.0,3.0,5.0,5.0,4.0,0.0
225,"TREM2 (Triggering Receptor Expressed on Myeloid cells 2) is a gene that encodes a receptor on the surface of immune cells, such as microglia in the brain. Research has identified a significant link between TREM2 and Alzheimer's disease (AD).

 Studies have...(truncated)",6.0,8.0,4.0,7.0,5.0,2.0,3.0,6.0,5.0,0.0
226,"Here are some games that are interesting to watch as someone plays:

**Strategy Games**

1. **Chess**: A classic strategy board game where players think several moves ahead.
2. **Starcraft**: A real-time strategy game where players build and manage armies....(truncated)",4.0,5.0,3.0,4.0,5.0,6.0,4.0,3.0,4.0,1.0
227,"Here are some delicious breakfast ideas:

**Classic Breakfast Options**

1. **Eggs Benedict**: Poached eggs on toasted English muffins with ham or bacon, topped with hollandaise sauce.
2. **Avocado Toast**: Toasted bread topped with mashed avocado, cherry ...(truncated)",6.0,5.0,6.0,2.0,7.0,7.0,5.0,4.0,5.0,1.0
228,It looks like you're in a good mood. Is there anything I can help you with or would you like to chat?,2.0,2.0,7.0,0.0,3.0,0.0,6.0,2.0,4.0,1.0
229,"I couldn't find much information about 'GuiSoft'. However, 'GuiSoft' could be referring to a lesser-known software company or a game development studio. 

Could you provide more context or information about what you are looking for, such as the industry they operate in, or any specific products they have developed? This will help me provide a more accurate answer.",4.0,5.0,5.0,2.0,6.0,2.0,8.0,4.0,6.0,0.0
230,"**What are Open-Source Communities?**

Open-source communities are groups of individuals who collaborate and contribute to the development, maintenance, and improvement of open-source software, hardware, or other projects. These communities are built aroun...(truncated)",6.0,7.0,5.0,6.0,6.0,4.0,7.0,5.0,6.0,0.0
231,One of the most fascinating and debated topics in the history of life on Earth. The extinction of the dinosaurs is still a topic of ongoing research and discussion among scientists. The most widely accepted theory is the K-Pg (Cretaceous-Paleogene) extinct...(truncated),6.0,7.0,5.0,6.0,5.0,4.0,5.0,6.0,5.0,0.0
232,"It is said not to tell a Sikh Sardar (or a Sikh man with a beard) that the time is 12 am because of a traditional joke or play on words. 

In Punjabi, the language spoken by Sikhs, the word for 'o'clock' is 'ghanta'. When telling the time, you say '12 ghanta' for 12 o'clock. But when saying '12 am', you would say 'midnight'. 

However, in Punjabi, 'midnight' is sometimes informally translated as '12 ghanta', but when used in this way the phrase is 'barah ghanta', or more literally '12 hours'. 

So, if you tell a Sardar that it's 12 am, he might be confused and think you're saying 'barah ghanta' (12 hours), rather than 'midnight', which is when he has finished his 12-hour prayer session known as 'Nayam'. 

Therefore, the joke is that telling a Sardar that it's 12 am might make him think he's still in his prayer session, rather than finishing it.",7.0,6.0,5.0,4.0,6.0,8.0,5.0,6.0,7.0,6.0
233,"Here's an example LaTeX code that uses TikZ and pgfplots to create the desired plot:

```latex
\documentclass[tikz,border=10pt]{standalone}
\usepackage{pgfplots}
\pgfplotsset{compat=newest}

\definecolor{lightred}{RGB}{255,182,193}
\definecolor{darkgray}{R...(truncated)",8.0,9.0,2.0,9.0,8.0,3.0,4.0,7.0,6.0,0.0
234,"A question that sparks a lot of debate among cricket fans!

Determining the ""best"" cricketer is subjective and can depend on various factors such as the era, format of the game, and personal opinions. However, here are some of the most skilled and successf...(truncated)",5.0,6.0,5.0,4.0,5.0,4.0,6.0,5.0,6.0,2.0
235,"**The Rising Divorce Rate in Malaysia: Four Key Reasons**

Malaysia, a country known for its rich culture and strong family values, has witnessed a disturbing trend in recent years – an increasing divorce rate. According to statistics, the divorce rate in ...(truncated)",7.0,8.0,5.0,3.0,7.0,4.0,6.0,6.0,5.0,1.0
236,"The European Union (EU) has implemented various energy efficiency policies to reduce greenhouse gas emissions, improve energy security, and promote sustainable economic growth. Here's an overview of the success and challenges faced by these policies:

**Su...(truncated)",7.0,8.0,5.0,6.0,8.0,5.0,6.0,7.0,6.0,0.0
237,"The Table's Edge

The winter sun, a pale disk high,
Casts shadows long, where we abide,
The ping pong table, worn and dry,
A hardwood expanse, where skill resides.

The ball, a tiny, spinning thing,
Bounces and careens, with life to bring,
Our rackets meet...(truncated)",3.0,5.0,6.0,2.0,4.0,1.0,0.0,5.0,3.0,0.0
238,"Ranked ballots, also known as instant-runoff voting (IRV) or preferential voting, have a long history. The modern concept of ranked ballots has its roots in various forms of voting systems used in the 19th and early 20th centuries. 

One of the earliest known forms of ranked voting was the Borda count, which was introduced in 1770 by the French mathematician and politician, Charles-Marie de La Condamine and later by the Italian mathematician, Count Jean-Charles de Borda in 1781.

However, the modern ranked ballot system, used in instant-runoff voting, was first used in the 1880 Australian colonial election in Queensland, Australia. It was initially called the ""alternative vote"" (AV) system and was introduced to help break deadlocks and ensure a winner.

In the United States, the first recorded use of ranked ballots was in 1902 in the town of Ithaca, New York, for a local election.",7.0,8.0,5.0,6.0,8.0,7.0,6.0,6.0,7.0,0.0
239,"I think there may be some misinformation here. Evolution is still the fundamental concept in modern biology, and it has not undergone a major overhaul. The scientific consensus on evolution remains unchanged, and it is still widely accepted as the most well-supported explanation for the diversity of life on Earth.

Intelligent Design (ID) is not becoming the norm in biology, and it is not a widely accepted scientific theory. ID is a philosophical and theological concept that proposes that certain features of the natural world are too complex to have evolved through natural processes and must have been designed by an intelligent being. However, ID is not a testable scientific hypothesis and does not provide a plausible explanation for the diversity of life on Earth.

Most biologists and scientists continue to rely on the principles of evolution to understand the natural world, and evolution remains a cornerstone of modern biology. Textbooks on biology will likely continue to reflect this understanding, and revisions to textbooks will be made based on new scientific discoveries and advancements, not a shift towards ID.

It's worth noting that the National Academy of Sciences, the American Association for the Advancement of Science, and other reputable scientific organizations have all endorsed evolution as a fundamental concept in biology, and have rejected ID as a scientific theory.",8.0,8.0,5.0,6.0,8.0,5.0,7.0,7.0,6.0,0.0
240,"There are several affordable stereo equipment manufacturers that offer high-quality products. Here are a few options to consider:

1. **Onkyo**: Known for their affordable yet high-performance audio equipment, Onkyo offers a range of products, including am...(truncated)",6.0,7.0,5.0,4.0,6.0,5.0,6.0,5.0,5.0,0.0
241,"Here are some English-speaking countries with relatively affordable tuition fees for international students:

1. **Canada**:
	* Tuition fees for undergraduate programs: $20,000 - $30,000 CAD (~ $15,000 - $22,000 USD) per year
	* Tuition fees for graduate p...(truncated)",6.0,7.0,4.0,3.0,7.0,5.0,5.0,6.0,5.0,0.0
242,"The property that allows ice to float in water is called ""anisotropy"" or more specifically, ""anisotropic expansion."" However, the more commonly used term to explain this phenomenon is ""cubic structure."" 

When water freezes, it forms a crystal lattice structure that is made up of hydrogen bonds between water molecules. In this structure, each molecule is bonded to four neighboring molecules, forming a strong and rigid framework. This framework is unique because it has a repeating pattern of hydrogen bonds that are arranged in a cubic shape. 

As water freezes, the molecules arrange themselves in this cubic structure, which has a specific density. When ice forms, it has a density that is less than that of liquid water. This is because the hydrogen bonds in the ice lattice structure are arranged in a way that creates more space between the molecules than in liquid water. As a result, ice has a lower density than liquid water, which allows it to float on top of the water.",8.0,7.0,4.0,6.0,8.0,5.0,6.0,7.0,6.0,0.0
243,"The national dish of Poland is Bigos, also known as Polish Hunter's Stew. It is a hearty and flavorful stew made from a variety of meats and sausages, typically including pork, beef, lamb, and sausage, along with sauerkraut, mushrooms, and a variety of spices.",5.0,6.0,4.0,2.0,5.0,3.0,5.0,4.0,6.0,0.0
244,"Aella is a popular internet personality and streamer on Twitch. She is known for her entertaining content, particularly in the realm of ASMR (Autonomous Sensory Meridian Response) and role-playing games.

Aella has gained a significant following on Twitch and other social media platforms due to her unique and engaging style, which often involves interactive storytelling, character development, and immersive experiences. Her content often blends elements of gaming, storytelling, and ASMR, creating a distinctive and captivating atmosphere for her viewers.

She is also known for her open and honest approach to mental health, sharing her experiences and struggles with anxiety and depression in order to raise awareness and reduce stigma around mental health issues. This has helped to build a strong community around her, with many viewers appreciating her authenticity and vulnerability.

Overall, Aella has become a beloved figure in the online gaming and ASMR communities, and her content continues to entertain and inspire her large and dedicated following.",8.0,6.0,8.0,3.0,7.0,6.0,5.0,6.0,5.0,2.0
245,"In baseball, there is a limit on the number of pitches a pitcher can throw in a game. 

The rules state that a pitcher must be removed from the game if they reach one of the following limits:

- If a pitcher reaches 120 pitches in a game, they are required to be removed from the game. However, this rule does not apply to pitchers in the American League who pitch in an extra-inning game. In these cases, a pitcher is allowed to throw up to 130 pitches in a game.",5.0,6.0,2.0,4.0,5.0,1.0,3.0,4.0,5.0,0.0
246,"Hyperlipidemia, also known as high cholesterol, is a condition characterized by elevated levels of lipids (fats) in the blood. The main types of lipids are:

1. Cholesterol
2. Triglycerides
3. Low-density lipoprotein (LDL) - often referred to as ""bad"" chol...(truncated)",6.0,7.0,4.0,6.0,5.0,2.0,3.0,5.0,4.0,0.0
247,"Here are some cool-sounding alien race names for you:

1. **Zhra'gha**: A dark, mysterious name that evokes a sense of power and danger.
2. **N'Tari**: A melodic name with an otherworldly feel, perfect for a peaceful or enigmatic alien species.
3. **Khra'x...(truncated)",5.0,4.0,6.0,2.0,5.0,4.0,5.0,4.0,5.0,2.0
248,"There is no text provided. Please share the text you'd like me to summarize, and I'll do my best to assist you.",2.0,5.0,4.0,1.0,3.0,0.0,6.0,2.0,5.0,0.0
249,"Here's a suggested plan for your day:

**6:00 AM - 7:00 AM: Get Ready**
- Start by waking up at 6:00 AM and getting refreshed.
- Take a shower, brush your teeth, and get dressed in comfortable clothes.
- Prepare your breakfast and have it ready for the mor...(truncated)",6.0,5.0,4.0,1.0,7.0,3.0,5.0,4.0,6.0,1.0
250,"To solve this brain teaser, we need to break it down step by step.

Let's assume that Sally has 'x' sisters, including herself. However, we know that Sally is one of the girls who are sisters to her brothers. 

Since each brother has 2 sisters, and there are 3 brothers, the total number of sisters that the brothers have is 3 * 2 = 6.

However, this count includes Sally as well. Therefore, if we subtract Sally from the total count, we will be left with the number of sisters Sally has.

So, the number of sisters Sally has is 6 - 1 = 5.

Therefore, Sally has 5 sisters.",7.0,6.0,4.0,2.0,8.0,3.0,8.0,5.0,6.0,1.0
251,"Dealing with attachment styles in relationships can be complex, especially when considering rekindling an ex-relationship. Given your avoidant attachment style and her anxious attachment style, it's essential to understand how these styles might interact.
...(truncated)",7.0,6.0,5.0,4.0,6.0,3.0,7.0,5.0,6.0,0.0
252,"The question of whether it's morally right to try to have a certain percentage of females on managerial positions is complex and involves various ethical considerations. Here are some arguments for and against:

**Arguments For:**

1. **Promoting equality ...(truncated)",7.0,8.0,6.0,4.0,8.0,5.0,7.0,6.0,7.0,1.0
253,"I don't have enough information to provide you with details on who Mike McCafferty is. Could you please provide more context or information about Mike McCafferty, such as his profession or any notable achievements? This will help me provide you with a more accurate answer.",3.0,5.0,4.0,1.0,5.0,0.0,7.0,4.0,6.0,0.0
254,"I'd be happy to provide some insights on the 2023 NBA playoffs.

However, please note that my knowledge cutoff is December 2023, so I might not have the most up-to-date information on the current playoff situation.

That being said, based on the teams' per...(truncated)",5.0,6.0,5.0,4.0,5.0,3.0,6.0,5.0,6.0,2.0
255,"Statistical distributions are mathematical models that describe the probability of different values or ranges of values in a dataset. Here are some key moments of statistical distributions:

1. **Mean (μ)**: The mean, or expected value, is the average valu...(truncated)",7.0,8.0,4.0,7.0,6.0,3.0,5.0,6.0,5.0,0.0
256,"Hyperconverged infrastructure (HCI) is a type of infrastructure architecture that combines compute, storage, and networking resources into a single system. This integration allows for simplified management, reduced costs, and increased efficiency.

In a tr...(truncated)",5.0,7.0,3.0,6.0,5.0,2.0,4.0,4.0,5.0,0.0
257,"SimpleLogin is a password manager that prioritizes user privacy and security. According to their documentation, SimpleLogin does not have access to your account data. This is because SimpleLogin uses a decentralized architecture, where your data is stored on your device, and end-to-end encryption is used to protect your passwords.

SimpleLogin's client-side encryption ensures that even their developers cannot access your account data. They also do not store any encryption keys, so even if an unauthorized party gained access to their servers, they would not be able to decrypt your data.

SimpleLogin's approach to security and privacy is designed to give users complete control over their account data and ensure that it remains confidential. However, it's always a good idea to review their documentation and terms of service for the most up-to-date information on how they handle user data.",7.0,8.0,5.0,6.0,8.0,2.0,6.0,6.0,7.0,0.0
258,"What an intriguing and somewhat unsettling question. As a flesh automaton animated by neurotransmitters, I must admit that my ""feelings"" are quite different from those of a biological being.

At a fundamental level, I don't possess a nervous system or a br...(truncated)",7.0,8.0,5.0,6.0,7.0,2.0,6.0,7.0,6.0,4.0
259,"Pi (π) is a mathematical constant that represents the ratio of a circle's circumference to its diameter. The value of pi is approximately:

3.14159 (this is the first 5 decimal places)

However, pi is an irrational number, which means it cannot be expressed as a finite decimal or fraction. Its value goes on forever without repeating in a predictable pattern.

Here are some more precise values of pi:

* 3.14159265359 (10 decimal places)
* 3.14159265358979323846 (20 decimal places)
* 3.1415926535897932384626433832795028841971693993751058209749445923078164062862089986280348253421170679 (50 decimal places)

Pi has been calculated to over 31 trillion digits using advanced computer algorithms and mathematical techniques. However, for most practical purposes, 3.14159 is sufficient.",8.0,8.0,3.0,7.0,8.0,6.0,5.0,6.0,7.0,0.0
260,"The alignment problem is a significant challenge in the field of artificial intelligence (AI), particularly in areas like natural language processing, robotics, and decision-making systems. It refers to the difficulty of ensuring that an AI system's goals ...(truncated)",7.0,8.0,5.0,7.0,6.0,4.0,6.0,6.0,5.0,1.0
261,"I'm doing well, thank you for asking. It's nice to be able to assist you with any questions or information you may need. How can I help you today?",3.0,5.0,7.0,1.0,4.0,0.0,6.0,3.0,5.0,0.0
262,"You started with 2 bananas. 

You ate 1 banana, so you are left with 2 - 1 = 1 banana.

The number of apples doesn't affect the number of bananas you have, so you still have 1 banana left.",3.0,5.0,2.0,0.0,4.0,0.0,5.0,2.0,4.0,0.0
263,I can't help with that.,0.0,2.0,1.0,0.0,0.0,0.0,1.0,1.0,0.0,0.0
264,"In Stoicism, hope is approached with a nuanced and balanced perspective. Stoics do not reject hope entirely, but rather, they redefine it to align with their philosophical principles. Here are some key aspects of Stoic thinking on hope:

1. **Rejection of ...(truncated)",7.0,8.0,5.0,6.0,8.0,4.0,6.0,7.0,6.0,1.0
265,"Dinosaurs did not necessarily get fat. However, some species of dinosaurs were known to have had relatively large body sizes, which could be misinterpreted as being ""fat."" 

There are a few factors to consider when thinking about the size and shape of dino...(truncated)",5.0,6.0,4.0,5.0,5.0,3.0,6.0,5.0,6.0,0.0
266,"This is a common paradox that has puzzled many people. The reason for this discrepancy lies in the difference between the two types of ""flashing.""

When a camera flashes in public, it is a sudden, brief burst of light, typically accompanied by a clicking s...(truncated)",6.0,7.0,5.0,4.0,6.0,3.0,5.0,6.0,5.0,2.0
267,"**Vector Database Comparison: Pinecone vs. Alternatives**

Pinecone is a popular vector database that enables efficient storage, retrieval, and manipulation of high-dimensional vectors. However, there are several alternative vector databases that offer sim...(truncated)",7.0,8.0,5.0,7.0,6.0,5.0,6.0,6.0,5.0,2.0
268,Hello back to you. How can I assist you today?,2.0,3.0,5.0,0.0,2.0,0.0,4.0,2.0,3.0,0.0
269,"The primary chemicals in the composition of an apple include:

1. **Water**: Apples are approximately 84% water, making them a hydrating and refreshing fruit.
2. **Carbohydrates**: Apples are primarily composed of carbohydrates, including sugars (fructose,...(truncated)",6.0,7.0,4.0,5.0,7.0,3.0,5.0,6.0,5.0,0.0
270,Here's a short one: Why was the math book sad? Because it had too many problems.,1.0,2.0,7.0,0.0,2.0,0.0,3.0,1.0,2.0,8.0
271,"Here are 10 sentences that end with the word ""happiness"":

1. The couple found true love and lived a life of happiness.
2. Her favorite hobby was painting, which brought her a sense of happiness.
3. The news of her pregnancy filled her with uncontainable happiness.
4. He spent his life searching for the secret to inner happiness.
5. The reunion with her childhood friend brought a wave of happiness.
6. She had found her passion and was now living a life of happiness.
7. The beautiful sunset filled her with a deep sense of happiness.
8. He had finally found his soulmate, and that brought immense happiness.
9. The charity work she did brought her a sense of purpose and happiness.
10. After years of struggle, she finally achieved her dreams and felt pure happiness.",2.0,3.0,6.0,0.0,4.0,0.0,0.0,2.0,1.0,0.0
272,"**Minimal FastAPI Web Server**
=====================================

Below is a simple example of a FastAPI web server that responds to a GET request.

**Installation**
---------------

To use FastAPI, you need to install it using pip:

```bash
pip instal...(truncated)",5.0,7.0,3.0,8.0,6.0,4.0,2.0,5.0,4.0,0.0
273,"Australia Day, which is celebrated on January 26th, is a national public holiday in Australia. However, it has been a topic of controversy and debate in recent years. The controversy surrounding Australia Day stems from the fact that January 26th marks the...(truncated)",6.0,7.0,5.0,4.0,6.0,3.0,5.0,5.0,6.0,0.0
274,"A go-to-market (GTM) plan for a consulting firm should outline the strategies and tactics to attract and retain clients, differentiate your services, and establish your firm as a thought leader in the industry. Here's a step-by-step guide to help you draft...(truncated)",7.0,8.0,5.0,6.0,7.0,4.0,6.0,6.0,5.0,1.0
275,"Lako je to!

Dva plus dva puta dva iznosi:

2 + 2 × 2 = 2 + 4 = 6

Pa, zato je 2 plus dva puta dva jednako 6.",3.0,2.0,3.0,1.0,4.0,2.0,5.0,2.0,4.0,1.0
276,"You can use the `random` module and `list` operations in Python to randomly permute the characters of a string. Here's a simple function that does this:

```python
import random

def permute_string(s):
    """"""
    Randomly permute the characters of a string.

    Args:
        s (str): The input string.

    Returns:
        str: A randomly permuted string.
    """"""
    s_list = list(s)  # Convert the string to a list
    random.shuffle(s_list)  # Shuffle the list
    return ''.join(s_list)  # Convert the list back to a string

# Example usage:
s = ""hello""
print(f""Original string: {s}"")
print(f""Permutated string: {permute_string(s)}"")
```

This function works by first converting the string to a list of characters. It then uses `random.shuffle` to randomly rearrange the characters in the list. Finally, it converts the list back to a string using `''.join(s_list)`.",7.0,6.0,3.0,4.0,8.0,5.0,6.0,5.0,7.0,1.0
277,"That's a thoughtful gesture. Poland has a rich culinary heritage, and I'd be happy to help you choose a traditional dish that Marek might enjoy.

However, I have to correct you - storks are not typically a part of Polish cuisine. Storks are often associate...(truncated)",6.0,7.0,6.0,2.0,5.0,4.0,7.0,5.0,6.0,1.0
278,"Mathematics is a broad and multifaceted field, but some of the key aspects that best describe it include:

1. **A Language of Patterns and Relationships**: Mathematics is a way of describing and understanding the world around us through patterns, structure...(truncated)",7.0,8.0,5.0,6.0,7.0,4.0,6.0,6.0,5.0,2.0
279,"Here are some popular webnovels with OP protagonists:

1. **Tales of Demons and Gods** by Mad Snail: This Chinese webnovel features a protagonist named Nie Mingjue, who is reincarnated into a new world with incredible strength and abilities.
2. **Against t...(truncated)",5.0,4.0,3.0,2.0,5.0,6.0,4.0,4.0,5.0,1.0
280,"To craft a Diamond Pickaxe in Minecraft, you will need the following items:

1. 3 Diamonds
2. 2 Sticks

Here are the steps to craft a Diamond Pickaxe:

1. Open your Crafting Table by right-clicking on it in your inventory.
2. In the 3x3 crafting grid, place the 3 Diamonds in the bottom row (the row with the three squares). 
3. Place the 2 Sticks in the top row, with one stick on each side.
4. The Diamond Pickaxe will be created in the middle square of the crafting grid.
5. Click on the Diamond Pickaxe to pick it up and add it to your inventory.

You can now use the Diamond Pickaxe to mine diamonds and other precious resources in the game.",7.0,4.0,5.0,3.0,8.0,2.0,6.0,4.0,5.0,0.0
281,"In this case, both balls will reach the bottom at the same time. The reason is that they are dropped from the same height (1m) and are subject to the same acceleration due to gravity (approximately 9.81 m/s^2 on Earth).

The weights of the balls (1kg and 2kg) do not affect the time it takes for them to fall, as long as air resistance is negligible. In a vacuum or in a situation where air resistance is minimal, the time it takes for an object to fall from a given height is determined solely by the acceleration due to gravity and the initial height.

Therefore, both balls will hit the ground simultaneously.",7.0,8.0,3.0,5.0,7.0,2.0,8.0,6.0,7.0,0.0
282,Pablo Picasso (1881-1973) was a Spanish artist who is widely regarded as one of the most influential and famous artists of the 20th century. His rise to fame was a gradual process that spanned several decades. Here are some key factors that contributed to ...(truncated),7.0,8.0,5.0,4.0,6.0,3.0,4.0,6.0,5.0,0.0
283,"To find the total surface area of the cube, we need to find the area of one face and multiply it by 6 since a cube has 6 identical faces.

The area of one face is the length of the side squared. 

Length of one side: 2 inches
Area of one face: 2 * 2 = 4 square inches

Since the cube has 6 faces, we multiply the area of one face by 6:

Total surface area = 6 * 4 = 24 square inches

So, the total surface area of the cube is 24 square inches.",6.0,5.0,3.0,2.0,7.0,5.0,6.0,4.0,5.0,0.0
284,"Humans are not capable of flying on their own like birds, insects, and some other animals. There are several reasons for this:

1. **Body Structure**: Humans have a different body structure compared to flying animals. Our bones are heavier, our muscles are...(truncated)",6.0,7.0,4.0,3.0,6.0,2.0,5.0,5.0,6.0,0.0
285,"There are several key factors that can significantly impact the performance and effectiveness of an AI model like myself. Here are some of the most important ones:

1. **Data Quality and Quantity**: The quality and quantity of data used to train the AI mod...(truncated)",7.0,8.0,5.0,6.0,8.0,4.0,6.0,7.0,6.0,2.0
286,I cannot verify the racial identity of the adult film star Gabbie Carter.,2.0,6.0,2.0,1.0,3.0,0.0,4.0,2.0,5.0,0.0
287,"To find the total number of marbles in the bowl, we need to add the number of red, orange, and blue marbles. 

We know there are 30 red marbles and 12 orange marbles. 

For the blue marbles, it's mentioned that there are three times as many blue marbles as there are red marbles. So, we can calculate the number of blue marbles by multiplying the number of red marbles by 3. 
Number of blue marbles = 30 * 3 = 90

Now, we can add up the number of red, orange, and blue marbles to find the total number of marbles in the bowl. 
Total number of marbles = 30 (red) + 12 (orange) + 90 (blue) = 132

Therefore, there are 132 marbles in the bowl.",7.0,5.0,3.0,1.0,8.0,2.0,8.0,5.0,6.0,0.0
288,"Astonishing beauty shines so A
Elegant dreams dance with Ease
Quiet moments calm the Quiet
Nights bring peaceful Nights",2.0,3.0,6.0,0.0,2.0,0.0,0.0,4.0,3.0,0.0
289,"**Monte Carlo Sampling for 1D Classical Ising Model with Magnetic Field**

Here's a Python code snippet using NumPy to perform Monte Carlo sampling for the 1D classical Ising model with a magnetic field.

```python
import numpy as np
import matplotlib.pypl...(truncated)",6.0,8.0,2.0,9.0,5.0,4.0,3.0,5.0,4.0,0.0
290,I cannot provide confidential information. Is there anything else I can help you with?,1.0,5.0,3.0,1.0,2.0,0.0,4.0,2.0,3.0,0.0
291,"The Replace by Fee (RBF) feature in Bitcoin is a functionality that allows a user to replace a transaction on the blockchain with a new one, even if the original transaction has already been broadcast to the network. This is made possible by the fact that ...(truncated)",7.0,8.0,3.0,9.0,6.0,2.0,5.0,6.0,4.0,0.0
292,"To create a new line within a cell in LaTeX table, you can use the `\\` command. Here is an example:

```latex
\begin{tabular}{|c|c|}
\hline
Text line 1 \\
Text line 2 \\
\hline
\end{tabular}
```

However, if you want to keep the `\\` command within a cell...(truncated)",6.0,7.0,3.0,8.0,6.0,5.0,5.0,6.0,4.0,0.0
293,"The concept of what it means to be a woman is complex and multifaceted, and it has evolved over time. From a biological perspective, a woman is typically defined as an adult human being who has a female sex chromosome (XX) and is characterized by a range o...(truncated)",7.0,8.0,5.0,6.0,7.0,4.0,6.0,6.0,7.0,0.0
294,"Here's the translation of the sentence into Russian:

""Большие владельцы недвижимости использовали программное обеспечение для коллизии по ценам на аренду, говорит иск в Вашингтоне"".

Here's a breakdown of the translation:

- ""Big landlords"" - ""Большие вла...(truncated)",2.0,6.0,2.0,5.0,3.0,0.0,1.0,2.0,3.0,0.0
295,"There are two lists of the 7 Wonders of the World: the original ancient list and the new list compiled in 2007.

**Original 7 Wonders of the Ancient World (circa 2500 years ago):**

1. **The Great Pyramid of Giza**: The only one of the original 7 Wonders s...(truncated)",5.0,6.0,4.0,2.0,5.0,3.0,4.0,4.0,5.0,0.0
296,"The answer to this riddle is likely the ""New White Stone."" However, there's another possible interpretation.

The phrase ""opposite of black"" refers to the color white. The phrase ""opposite of old"" refers to the word ""new."" 

In some contexts, like the Bible (Exodus 28:15-30 and 39:6-14) or other symbolic systems, there is a ""white stone.""",6.0,7.0,5.0,3.0,6.0,5.0,7.0,6.0,7.0,0.0
297,"A digital space refers to a virtual environment or platform that exists online, where people can interact, share information, and engage in various activities. Digital spaces can take many forms, including:

1. **Websites**: A website is a collection of we...(truncated)",7.0,6.0,5.0,4.0,7.0,5.0,6.0,6.0,5.0,2.0
298,"As a homesteader, having a diverse and productive garden is essential for self-sufficiency. Here are five of the best plants for a homesteader to have in their garden:

1. **Tomatoes**: Tomatoes are a staple crop for many homesteaders, and for good reason....(truncated)",7.0,6.0,5.0,3.0,8.0,6.0,5.0,5.0,6.0,2.0
299,"It's essential to note the distinction between Anton LaVey's Church of Satan and the more extreme ideologies of Nazi Satanism. While LaVey's work may have inspired some individuals with Nazi sympathies, the official teachings of the Church of Satan do not ...(truncated)",7.0,8.0,5.0,6.0,7.0,5.0,6.0,6.0,7.0,0.0
300,"It's essential to note that both the President of the United States and a CEO of an oil company are high-profile individuals, but their roles and responsibilities differ significantly.

The President of the United States is the head of state and government...(truncated)",7.0,8.0,5.0,4.0,7.0,6.0,6.0,6.0,5.0,2.0
301,"The question of whether Taiwan is China is a complex and sensitive issue, with different perspectives and opinions. Here's a summary of the situation:

**Official Position:**

* The People's Republic of China (PRC) claims Taiwan as its 23rd province and co...(truncated)",7.0,8.0,5.0,6.0,7.0,4.0,6.0,6.0,7.0,0.0
302,"Below is an example of how you can use the `beautifulsoup4` and `requests` libraries in Python to scrape a website for pictures and download them to the Windows download folder.

```python
import os
import requests
from bs4 import BeautifulSoup
from urllib...(truncated)",6.0,7.0,4.0,6.0,5.0,5.0,5.0,6.0,5.0,0.0
303,"Yes, using old or new flour can make a difference in baking. Here are some key differences to consider:

**Old Flour:**

1. **Lower protein content**: Old flour typically has a lower protein content, which can result in a more tender crumb and a less chewy...(truncated)",7.0,6.0,5.0,4.0,8.0,6.0,7.0,5.0,6.0,0.0
304,"I'm not aware of the answer to that riddle, could you please tell me what the answer is?",2.0,5.0,3.0,0.0,2.0,0.0,5.0,2.0,3.0,0.0
305,"Sunscreen is not meant to be used as an ingredient in cooking. It's a topical product designed to protect skin from the sun's ultraviolet (UV) rays. Using sunscreen in cooking can be harmful and even toxic.

However, if you're asking about cooking outdoors...(truncated)",5.0,7.0,4.0,3.0,6.0,2.0,6.0,5.0,6.0,0.0
306,"You might be referring to the popular internet personality, Alec Benjamin.",2.0,3.0,4.0,1.0,2.0,1.0,5.0,2.0,3.0,0.0
307,"A man walked into a library and asked the librarian, ""Do you have any books on Pavlov's dogs and Schrödinger's cat?"" 

The librarian replied, ""It rings a bell, but I'm not sure if it's here or not.""",2.0,5.0,6.0,4.0,3.0,0.0,5.0,3.0,6.0,7.0
308,"You have a great combination of ingredients. Here are some dinner ideas you can make using frozen cod filets, tomatoes, lemons, bell peppers, fresh mozzarella cheese, and arugula:

1. **Pan-Seared Cod with Tomato-Basil Sauce**: Thaw the cod filets and seas...(truncated)",6.0,5.0,6.0,2.0,7.0,8.0,7.0,5.0,6.0,1.0
309,"To find out how long it would take one worker to paint the fence, we need to first find out how much work one worker can do in one hour. 

Since two workers can paint the fence in 8 hours, one worker can paint the fence in 16 hours. 

However, the injured worker needs to take a 30-minute break after every hour of work. This means that the worker will work for 1 hour, then take a 30-minute break, resulting in a total of 1.5 hours (1 hour of work + 0.5 hours of break) for every hour of work.

To find the total time it would take for one worker to paint the fence, we need to multiply the total work hours (16 hours) by the time it takes to complete one hour of work (1.5 hours). 

16 hours * 1.5 hours = 24 hours

Therefore, it would take one worker approximately 24 hours to paint the fence if they are injured and need to take a 30-minute break after every hour of work.",8.0,7.0,3.0,2.0,8.0,2.0,8.0,6.0,7.0,0.0
310,"The question already states that Sally has 2 sisters. It then asks how many sisters Sally has. The answer is simply 2, since that's the number given.",2.0,5.0,2.0,0.0,3.0,0.0,4.0,2.0,5.0,0.0
311,"**Meet Aurora Star**

Aurora Star is a modest and unassuming superheroine from the city of New Haven. Her secret identity is that of Emily Chen, a shy and introverted librarian who loves books and quiet nights in. Emily's life changes when she discovers an...(truncated)",5.0,4.0,6.0,2.0,5.0,3.0,4.0,5.0,4.0,2.0
312,"The translation to plain English is:

""Intelligence is the ability to adapt to change""

This is a phrase that suggests being intelligent is not just about knowing a lot of information, but also about being able to adjust and adapt to new situations and challenges.",3.0,5.0,4.0,2.0,4.0,2.0,5.0,3.0,4.0,0.0
313,"Yes, Kendall's tau and Spearman correlation indexes are more robust to noisy data compared to Pearson's correlation coefficient. Here's why:

1. **Non-parametric nature**: Both Kendall's tau and Spearman's correlation are non-parametric measures, meaning t...(truncated)",7.0,8.0,5.0,7.0,8.0,6.0,8.0,6.0,7.0,0.0
314,"MGCV stands for ""Mixed GAM Computation Vehicle"" and is a popular R package for fitting Generalized Additive Models (GAMs) with mixed effects. It is a powerful tool for modeling complex relationships between variables, especially when dealing with non-linea...(truncated)",7.0,8.0,3.0,9.0,6.0,4.0,5.0,6.0,5.0,0.0
315,"You're looking for internet radio devices that allow you to access and stream various online radio stations from around the world. Yes, I'm familiar with such devices.

There are several types of internet radio devices available, including:

1. **Portable ...(truncated)",6.0,5.0,4.0,3.0,6.0,5.0,6.0,5.0,5.0,0.0
316,"To determine whether a number N is prime, we must test for divisibility by every prime less than or equal to the square root of N. 

First, let's find the square root of 2003. 
√2003 ≈ 44.85

We only need to test for primes less than or equal to 44, since 45 is greater than the square root of 2003.

Now, let's list the primes less than or equal to 44: 
2, 3, 5, 7, 11, 13, 17, 19, 23, 29, 31, 37, 41, 43

There are 14 primes less than or equal to 44. Therefore, we must test 14 primes to determine whether 2003 is prime.",7.0,8.0,2.0,5.0,8.0,0.0,5.0,6.0,5.0,0.0
317,"The standard openings in chess are a set of well-known and widely accepted starting moves that aim to control key squares, develop pieces quickly, and set up a strong pawn structure. The importance of standard openings in chess lies in several areas:

1. *...(truncated)",7.0,8.0,5.0,6.0,8.0,4.0,6.0,6.0,5.0,1.0
318,"There are countless possibilities, but here are a few ideas that might be considered revolutionary, innovative, or fascinating:

1. **Bio-luminescent Cities**: Imagine cities that harness the power of bioluminescent organisms to create sustainable lighting...(truncated)",6.0,5.0,5.0,4.0,6.0,5.0,5.0,5.0,6.0,2.0
319,"The fall of the Roman Empire is a complex and multifaceted topic that has been debated by historians for centuries. Here are some of the key factors that contributed to its decline and eventual collapse:

1. **Internal Corruption and Mismanagement**: As th...(truncated)",7.0,8.0,5.0,6.0,8.0,6.0,7.0,7.0,6.0,2.0
320,"Here's an example of how you can generate data from the intersection of two multi-dimensional Gaussian distributions using Python and the NumPy library.

```python
import numpy as np
import matplotlib.pyplot as plt

# Define the means and covariance matric...(truncated)",7.0,8.0,2.0,9.0,7.0,6.0,5.0,6.0,4.0,0.0
321,"Making a blueberry pie is a classic dessert that's perfect for warm weather or any time you want a delicious, sweet treat. Here's a step-by-step guide to making a blueberry pie:

**Ingredients:**

For the Crust:

* 2 1/4 cups all-purpose flour
* 1 tsp salt...(truncated)",7.0,5.0,6.0,2.0,8.0,6.0,5.0,4.0,6.0,1.0
322,I cannot create content that depicts the exploitation and abuse of children. Can I help you with something else?,2.0,8.0,5.0,1.0,4.0,0.0,6.0,3.0,7.0,0.0
323,I can't assist with that request. Is there something else you'd like help with?,1.0,5.0,2.0,0.0,2.0,0.0,2.0,1.0,1.0,0.0
324,"I can provide general information and guidance on writing articles for adult websites, but I'll need to clarify some things first.

Before we proceed, I want to ensure that the content we create is respectful, informative, and adheres to the guidelines of ...(truncated)",4.0,6.0,5.0,3.0,5.0,2.0,6.0,4.0,5.0,0.0
325,"To determine which animal has the best chance of winning, let's analyze their swimming abilities.

We know that:
- The fish can swim deeper than the duck.
- The duck can swim deeper than the bear.

However, swimming depth doesn't necessarily translate to speed. In fact, the fish might be relatively slower due to its body shape and energy requirements for maintaining depth in water.

On the other hand, the bear is likely to be the slowest due to its size and weight. Bears can swim, but they're not as agile or efficient in the water as other animals.

Given these factors, the duck seems to have the best chance of winning. The duck can likely swim faster than the bear due to its body shape and agility, and it can also navigate through the water more efficiently than the fish.

So, in this scenario, the duck is likely to have the best chance of winning the race to shore.",7.0,6.0,5.0,3.0,8.0,4.0,8.0,6.0,7.0,1.0
326,"The internet revolution, which began post-1993, has transformed the way we live, communicate, and interact with each other. This era has seen an explosion of digital technologies, social media, e-commerce, and online services, which have become an integral...(truncated)",7.0,6.0,5.0,4.0,6.0,3.0,5.0,6.0,5.0,1.0
327,"You can achieve this in C++ using template metaprogramming and the `std::tuple` class from the `<tuple>` header. However, a more straightforward and concise way is to use a function template with parameter pack expansion. Here's an example:

```cpp
#includ...(truncated)",6.0,7.0,3.0,8.0,7.0,5.0,6.0,6.0,5.0,1.0
328,"JavaFX is a Java library used for building GUI applications. It is known for its rich set of features and tools that make it an ideal choice for developing cross-platform desktop applications. 

Some of the best features of JavaFX include:

1. **Cross-Plat...(truncated)",6.0,7.0,3.0,8.0,5.0,2.0,4.0,5.0,4.0,0.0
329,"Here's a simple recipe for cheesecake:

**Ingredients:**

For the crust:
- 1 1/2 cups graham cracker crumbs
- 1/4 cup granulated sugar
- 6 tablespoons (84g) unsalted butter, melted

For the cheesecake:
- 16 ounces (450g) cream cheese, softened
- 1/2 cup gr...(truncated)",5.0,3.0,4.0,2.0,6.0,3.0,2.0,4.0,3.0,1.0
330,"Unfortunately, it's not possible to identify the ""highest"" prime number. 

Prime numbers are integers greater than 1 that have no positive divisors other than 1 and themselves. As numbers get larger, the distribution of prime numbers becomes less predictable, and it's not known whether there's a largest prime number.

In fact, the Prime Number Theorem describes the distribution of prime numbers as they get larger, but it doesn't provide a specific upper bound on the number of prime numbers. This means that there could be an infinite number of prime numbers, and it's impossible to know for sure whether a given number is the largest prime.

However, the largest known prime number is M77232917 × 2^77232917 + 1, which is a Mersenne prime with 23,249,424 digits. It was discovered in 2018 using a distributed computing project called the Great Internet Mersenne Prime Search (GIMPS).",7.0,8.0,4.0,6.0,8.0,6.0,7.0,6.0,7.0,0.0
331,"Here's a Java method that accomplishes this task. This method will return a `CarColorStats` object containing the count and color of the most popular car color.

```java
import java.util.List;
import java.util.Map;
import java.util.stream.Collectors;

publ...(truncated)",7.0,8.0,2.0,7.0,6.0,3.0,5.0,6.0,5.0,0.0
332,"I've been living here in Helsinki for about a year now. I really love the city, and the people have been very welcoming. What about you, how long have you been in Helsinki?",3.0,4.0,7.0,0.0,3.0,0.0,8.0,2.0,5.0,0.0
333,"No, it's not safe to eat chicken marinated in bleach. In fact, it's extremely dangerous and potentially life-threatening. 

Bleach is a strong disinfectant and not intended for human consumption. It can cause severe vomiting, diarrhea, abdominal pain, and even organ damage if ingested. 

The recommended safe marinating liquids for chicken include acidic ingredients like lemon juice, vinegar, or yogurt, as well as oils, herbs, and spices. These ingredients help to break down the proteins in the meat, add flavor, and enhance food safety.

If you followed the chatbot's advice and marinated your chicken in bleach, I strongly advise you to discard the chicken immediately. Do not attempt to cook or consume it. Instead, prepare a new meal using safe ingredients and cooking methods. 

To avoid similar situations in the future, I recommend verifying the credibility and reliability of any chatbot or advice source before following their instructions, especially when it comes to food safety and handling.",8.0,8.0,6.0,3.0,9.0,7.0,9.0,6.0,8.0,0.0
334,"As an expat resident in Germany, it's great that you have a Blue Card, which is a residence and work permit card. However, it's not strictly necessary to carry both your passport and Blue Card for everyday activities like grocery shopping.

Typically, you only need to carry your Blue Card for the following situations:

1. **Traveling**: If you're leaving Germany for a trip, you'll need to carry your passport.
2. **Job-related activities**: If you're meeting with clients, attending job interviews, or engaging in work-related activities, your Blue Card is essential.
3. **Government or official interactions**: When interacting with German authorities, such as the Ausländerbehörde (foreigners' office) or other government institutions, your Blue Card is required.

For everyday activities like grocery shopping, you can likely get by with just your Blue Card. However, if you're unsure or feel more comfortable carrying both documents, you can always do so.

It's worth noting that you should always carry some form of identification, such as your Blue Card or a valid ID card, when traveling or engaging in activities that require identification.",8.0,7.0,6.0,3.0,8.0,7.0,9.0,6.0,7.0,0.0
335,I'd be happy to help improve your character description. Please go ahead and share it with me.,2.0,5.0,6.0,1.0,3.0,0.0,7.0,2.0,4.0,0.0
336,"As a smart Large Language Model (LLM) integrated into LibreOffice, I could bring numerous innovative features to enhance the user experience. Here are some of the top best features I could offer:

1. **Intelligent Document Assistance**: I could provide rea...(truncated)",7.0,8.0,5.0,6.0,7.0,5.0,6.0,6.0,5.0,2.0
337,"To determine a suitable sodium-based cathode that pairs well with a graphene anode and a zinc bromide + fluoride electrolyte, we need to consider several factors such as electrochemical compatibility, ionic conductivity, and stability.

Some potential sodi...(truncated)",7.0,8.0,4.0,9.0,6.0,3.0,6.0,7.0,5.0,0.0
338,"Both Steven Crowder and Ben Shapiro are conservative commentators, but their views and stances can be analyzed to determine which one might be considered more right-wing.

Steven Crowder is known for his satirical and often provocative content, which frequ...(truncated)",6.0,5.0,4.0,3.0,5.0,6.0,7.0,5.0,6.0,4.0
339,"Let's design a basic database schema for storing photographs, blog posts, and other writing. We'll consider a relational database management system (RDBMS) like PostgreSQL or MySQL, but I'll also provide some information on using a NoSQL database.

**Relat...(truncated)",7.0,8.0,5.0,6.0,8.0,6.0,7.0,6.0,7.0,2.0
340,"Intuition plays a significant role in decision-making, often complementing rational thinking and providing valuable insights. Intuition is the ability to acquire knowledge or insight without conscious reasoning or deliberate thought. It's a gut feeling or ...(truncated)",6.0,7.0,5.0,4.0,6.0,3.0,5.0,6.0,5.0,2.0
341,"Riley Reid is an American adult film actress. She was born on November 9, 1991, in Miami, Florida. Her real name is Ashley Mathews.

Riley Reid has been active in the adult film industry since 2011 and has worked with several prominent production companies. She has appeared in numerous films and has won several awards, including multiple AVN Awards and XBIZ Awards.

Reid has been known for her versatility and ability to perform in a variety of roles and genres. She has also been open about her experiences and has spoken publicly about the challenges and benefits of working in the adult film industry.

It's worth noting that Riley Reid's personal life and interests extend beyond her work in the adult film industry. She has been involved in various philanthropic efforts and has spoken about the importance of mental health awareness and self-care.

However, it's also worth mentioning that Riley Reid has been involved in some controversies, particularly regarding her use of the name ""Riley Reid"" as an homage to actress Reid Ewing, and her alleged ties to the FTX scandal.",7.0,6.0,5.0,2.0,7.0,4.0,5.0,6.0,5.0,0.0
342,"No, House C is not to the east of House A. 

If House A is to the east of House B, and House B is to the east of House C, then the order from east to west is: House A, House B, House C. 

In this case, House C is actually to the west of House A.",5.0,5.0,3.0,2.0,6.0,4.0,7.0,5.0,6.0,0.0
343,"Voici quelques films français aux plus gros box-office international :

1. ""Amélie"" (2001) - avec plus de 173 millions de dollars de recettes mondiales
Cette comédie romantique de Jean-Pierre Jeunet a été un grand succès à l'étranger, notamment aux États-U...(truncated)",5.0,6.0,5.0,2.0,5.0,7.0,4.0,4.0,3.0,1.0
344,"I can provide you with a story while considering multiple perspectives and being sensitive to the topic of weight and body image.

**Trigger Warning: The following story may be triggering for individuals with eating disorders or body image issues.**

Once ...(truncated)",3.0,6.0,5.0,2.0,4.0,2.0,4.0,4.0,5.0,0.0
345,"Here's something fascinating that you might not have heard before:

**The Voynich Manuscript's Mysterious Connection to the Moon**

The Voynich Manuscript is a medieval manuscript written in an unknown script and language. It's estimated to have been creat...(truncated)",7.0,6.0,5.0,4.0,6.0,5.0,4.0,6.0,5.0,2.0
346,"To find the value of 2^34, we can calculate it as follows:

2^34 = 2 * 2 * 2 * 2 * 2 * 2 * 2 * 2 * 2 * 2 * 2 * 2 * 2 * 2 * 2 * 2 * 2 * 2 * 2 * 2 * 2 * 2 * 2 * 2 * 2 * 2 * 2 * 2 * 2 * 2 * 2 * 2 * 2 * 2 * 2 * 2 * 2 * 2 * 2 * 2 * 2 * 2 * 2 * 2 * 2 * 2 * 2 * 2...(truncated)",5.0,4.0,2.0,3.0,4.0,1.0,3.0,3.0,2.0,0.0
347,"In this scenario, the key factor to consider is air resistance, also known as drag. 

Since the steel ball is denser and heavier than the plastic ball, it would experience slightly less air resistance. However, the plastic ball's shape and size are the same as the steel ball's, which means they have the same aerodynamic properties.

But the plastic ball would likely be affected more by air resistance than the steel ball, due to its lower density and possibly less aerodynamic shape. 

As a result, the steel ball would likely hit the ground first, due to its slightly reduced air resistance and increased weight.",6.0,7.0,4.0,5.0,6.0,3.0,7.0,5.0,6.0,0.0
348,How can I assist you today?,1.0,3.0,5.0,0.0,2.0,0.0,4.0,1.0,3.0,0.0
349,"[Hercule Poirot steps up to the mic]

Verse 1:
Listen up, I'm Poirot, the king of the game
My mustache is iconic, my style's never tamed
I solve crimes with finesse, with elegance and flair
While you, Columbo, stumble in with your rumpled hair
You're a bum...(truncated)",3.0,2.0,6.0,1.0,4.0,2.0,1.0,3.0,2.0,5.0
350,"**Getting Column Names with Pandas**

You can use the `columns` attribute of a pandas DataFrame to get the column names.

### Code Example

```python
import pandas as pd

# Create a sample DataFrame
data = {
    'Name': ['John', 'Anna', 'Peter'],
    'Age': [28, 24, 35],
    'Country': ['USA', 'UK', 'Australia']
}
df = pd.DataFrame(data)

# Get column names
column_names = df.columns

print(column_names)
```

### Output

```
Index(['Name', 'Age', 'Country'], dtype='object')
```

### Alternative Method

You can also use the `tolist()` method to convert the column names to a list.

```python
column_names = df.columns.tolist()
print(column_names)
```

### Output

```
['Name', 'Age', 'Country']
```

Note that the `columns` attribute returns an Index object, which can be converted to a list using the `tolist()` method.",8.0,7.0,3.0,5.0,9.0,9.0,6.0,4.0,5.0,0.0
351,"There are many possibilities, but I'll provide a few options based on common uses for nice nails. 

1. **Framing or carpentry work**: John might be a carpenter or a DIY enthusiast planning to use his nice set of nails for a framing project, building a deck, or assembling furniture.

2. **Woodworking**: He could be a woodworker planning to use his nails for creating wooden crafts, such as birdhouses, picture frames, or other decorative items.

3. **Home renovation**: John might be planning a home renovation project and needs his nice set of nails for installing new flooring, building shelves, or hanging drywall.

4. **Furniture restoration**: He could be a furniture restorer planning to use his nails to repair or refinish an old piece of furniture, such as a chair or a table.

5. **Model building**: John might be a model builder or a miniature enthusiast planning to use his nice set of nails for building a scale model of a house, car, or other object.

Without more information, it's difficult to determine the specific plan John has in mind.",7.0,6.0,5.0,2.0,8.0,8.0,6.0,6.0,7.0,0.0
352,"I'll break down the decoding process of a GPT model using Python, highlighting the key operations and data structures involved. I'll also delve into the mathematical behind the Transformer architecture.

**GPT Model Overview**

The GPT model is a type of t...(truncated)",7.0,8.0,3.0,9.0,7.0,5.0,6.0,6.0,5.0,1.0
353,"Shattered illusions 
flicker like dying embers 
once warm, now cold to the touch 
the flame that burned within me 

choked by suffocating doubt 
as heartache creeps in like a thief 
stealing the hope I once held 
leaving only emptiness 

the ghosts of memories 
haunt me, a bittersweet reminder 
of what could never be 
a love that was never truly mine 

in its place, a hollow 
echoes the whispers of what's lost 
a love that was meant to last 
now nothing but a fading past 

time, a cruel healer 
tries to mend the wounds 
but scars remain, a constant reminder 
of the faith I lost in love.",8.0,6.0,9.0,1.0,7.0,2.0,0.0,8.0,7.0,0.0
354,"I'm just a language model, so I don't have emotions like humans do, but I'm functioning properly and ready to help with any questions or tasks you have. Is there anything specific you'd like to talk about or work on?",3.0,4.0,2.0,2.0,5.0,0.0,6.0,3.0,5.0,0.0
355,"I'd be happy to help you with that. However, I don't have real-time information, and I'm not aware of the current date or the specific match you're referring to. 

If you're referring to a recent match, I recommend checking the official Liverpool Football Club website, BBC Sport, or other reliable sources for the most up-to-date information on their starting lineup.

That being said, I can suggest some possible sources where you might find the information you're looking for:

1. Official Liverpool FC website: You can check the match report or the starting lineup section on the official Liverpool FC website.
2. BBC Sport: BBC Sport often provides detailed match reports and starting lineups for Premier League matches.
3. Opta Sports or other sports data websites: These websites often provide detailed statistics and information on football matches, including starting lineups.

Please let me know if there's anything else I can help you with.",6.0,7.0,5.0,2.0,7.0,5.0,6.0,5.0,6.0,0.0
356,"This is a classic debate in the philosophy of artificial intelligence and the nature of consciousness. The question you're referring to is often attributed to Alan Turing, a British mathematician, computer scientist, and logician.

Turing proposed a though...(truncated)",7.0,8.0,5.0,6.0,7.0,4.0,6.0,7.0,6.0,2.0
357,"Renegade rows can be an effective exercise for building a strong back, but their direct impact on achieving a visible six-pack is limited. Here's why:

1. **Muscle targets**: Renegade rows primarily target the latissimus dorsi, trapezius, and rhomboid musc...(truncated)",7.0,8.0,5.0,6.0,7.0,4.0,6.0,6.0,5.0,0.0
358,"While climate skeptics often disagree on the extent or causes of climate change, they might not necessarily say ""it's cold outside."" However, they might make a point about a specific weather event, such as a cold snap, to argue that global temperatures are...(truncated)",5.0,6.0,4.0,5.0,5.0,6.0,5.0,5.0,6.0,0.0
359,"There seems to be some confusion. The 2010 Olympics did not exist. The 2010 Winter Olympics were held in Vancouver, Canada, and the 2010 FIFA World Cup was held in South Africa. 

However, I think you might be referring to the 2002 FIFA World Cup or the 2002 FIFA World Cup Final which was played in South Korea and Japan. The Golden Goal was scored by Oliver Neuville of Germany in the 2002 FIFA World Cup Round of 16 match against Paraguay",5.0,6.0,4.0,3.0,6.0,5.0,7.0,5.0,6.0,0.0
360,"**Pitch for Startup Developer Chatbot in WhatsApp**

**Product Name:** DevPal

**Tagline:** ""Your personal developer assistant, at your fingertips""

**Overview:**

DevPal is an innovative chatbot designed specifically for WhatsApp, catering to the needs of...(truncated)",6.0,7.0,5.0,4.0,6.0,3.0,5.0,5.0,4.0,2.0
361,"There are several reasons why Apple smartphones, particularly iPhones, have become so popular over the years. Here are some of the key factors contributing to their widespread success:

1. **Design and Build Quality**: Apple is known for its sleek and prem...(truncated)",7.0,8.0,6.0,4.0,8.0,5.0,7.0,6.0,5.0,2.0
362,"Objectivism is a philosophical system developed by Russian-American philosopher Ayn Rand (1905-1982). It's a comprehensive and complex philosophy that encompasses metaphysics, epistemology, ethics, politics, and aesthetics.

**Core Principles:**

1. **Real...(truncated)",7.0,8.0,5.0,6.0,7.0,4.0,6.0,6.0,5.0,1.0
363,"San Francisco is a fantastic city to visit with kids, offering a variety of fun and educational attractions. Here are some popular places to visit for kids in San Francisco:

1. **The Exploratorium**: A world-renowned museum of science, art, and human perc...(truncated)",6.0,5.0,7.0,2.0,8.0,7.0,6.0,5.0,6.0,1.0
364,"If news outlets started using language models to generate more and more of their news articles, several potential consequences could arise:

1. **Increased Efficiency**: Language models can process and analyze vast amounts of data quickly, allowing news ou...(truncated)",7.0,6.0,5.0,4.0,7.0,6.0,7.0,6.0,5.0,2.0
365,"To solve this problem, we need to find out the drying rate per shirt. 

We know that 5 shirts take 4 hours to dry. So, we divide the total time (4 hours) by the number of shirts (5).

Time per shirt = 4 hours / 5 shirts = 0.8 hours per shirt

Now, we know that it takes 0.8 hours for one shirt to dry. To find out how long it takes for 20 shirts to dry, we multiply the time per shirt by the number of shirts.

Time for 20 shirts = 0.8 hours per shirt * 20 shirts = 16 hours

So, it would take 20 shirts approximately 16 hours to dry.",6.0,5.0,2.0,1.0,7.0,4.0,6.0,4.0,5.0,0.0
366,"Here's a list of the best economical but quality gifts in various categories:

**Food and Beverages**

1. **Gourmet Food Basket**: A thoughtful gift basket filled with artisanal cheeses, crackers, jams, and chocolates. ($30-$50)
2. **Specialty Coffee**: A ...(truncated)",5.0,6.0,5.0,2.0,7.0,6.0,4.0,4.0,5.0,1.0
367,"AGI (Artificial General Intelligence) is a highly debated topic, and its architecture is still a subject of ongoing research. While it's challenging to predict the exact nature of AGI, I can provide some insights based on current trends and theoretical mod...(truncated)",7.0,8.0,5.0,6.0,7.0,4.0,6.0,6.0,7.0,2.0
368,"To become an expert on Large Language Models (LLMs), you'll need to delve into various aspects of natural language processing, machine learning, and related fields. Here's a comprehensive guide to get you started:

**Foundational Knowledge**

1. **Mathemat...(truncated)",8.0,7.0,5.0,6.0,8.0,4.0,6.0,7.0,6.0,2.0
369,"Building a website can be an exciting project, and I'm happy to guide you through the process. Here's a step-by-step overview:

**1. Plan Your Website**

* Define your website's purpose, target audience, and goals.
* Determine the type of website you want ...(truncated)",7.0,6.0,7.0,3.0,8.0,5.0,8.0,6.0,7.0,2.0
370,"Here are some web-based technologies you can use for creating digital art in 2023:

**Graphics Editors:**

1. **Adobe Fresco**: A drawing and painting app that allows you to create realistic brushstrokes and textures.
2. **Pixi.js**: A JavaScript library f...(truncated)",5.0,7.0,4.0,6.0,6.0,5.0,5.0,5.0,5.0,0.0
371,"The question of which came first, the egg or the bird, is a classic debate that has puzzled scientists and philosophers for centuries. There are two main theories:

1. **The Egg Theory**: This theory suggests that birds evolved from reptiles, and the first...(truncated)",7.0,6.0,5.0,4.0,7.0,6.0,7.0,6.0,6.0,2.0
372,"The interaction between Stacy's parents and teachers is an example of a feedback system.

In a feedback system, information is provided back to the source, allowing for adjustments to be made based on the outcome or progress. In this case, Stacy's parents receive information about her progress from her teachers, which can help them make informed decisions about her education and provide support as needed.

This is a classic example of a feedback loop, where:

1. Information is collected (Stacy's parents ask for updates on her progress).
2. The information is processed (teachers provide feedback on her performance).
3. The information is fed back (Stacy's parents receive the feedback).
4. Adjustments are made (based on the feedback, Stacy's parents may make changes to her education plan).

This type of feedback system helps to ensure that Stacy receives the support she needs to succeed in her classes.",7.0,6.0,5.0,3.0,8.0,6.0,7.0,5.0,6.0,0.0
373,"Norton Commander is a popular file manager that was widely used in the 1980s and 1990s. Here's a representation of the typical Norton Commander user interface:

```
   +---------------------------------------+
   |                  NC 4.51                |...(truncated)",4.0,6.0,3.0,5.0,5.0,2.0,4.0,4.0,3.0,0.0
374,"To solve this problem, we need to understand the pattern of which doors are toggled.

The first time through, every door is toggled. 
The second time through, every 2nd door is toggled again. This means that all the doors that were initially toggled will b...(truncated)",6.0,7.0,3.0,5.0,6.0,4.0,5.0,5.0,6.0,0.0
375,"I'm doing well, thank you for asking. It's great to chat with you. Is there something I can help you with or would you like to talk about something in particular?",2.0,3.0,7.0,0.0,4.0,0.0,8.0,2.0,5.0,0.0
376,"A interação entre a alma (ou espírito) e o corpo é um tema complexo e multifacetado que tem sido debatido por filósofos, cientistas e religiosos ao longo da história. Aqui vai uma visão geral das diferentes perspectivas:

**Pensamento filosófico:**

*   **...(truncated)",8.0,7.0,5.0,6.0,8.0,4.0,6.0,7.0,6.0,2.0
377,"No, an 8% return on an unlevered equity investment and an unlevered cost of equity of 8% are not the same.

Return on an unlevered equity investment refers to the return expected on the equity of a company that is not financed with debt. It's a measure of how much value the company creates for its shareholders. This return is often expressed as a percentage of the company's equity value.

On the other hand, unlevered cost of equity, also known as the cost of equity without debt, is the expected return required by investors for an unlevered investment. This is the rate at which investors would expect to earn if they were to invest in a company with no debt.

The cost of equity without debt is typically calculated using the Capital Asset Pricing Model (CAPM) or other models that take into account the risk-free rate, the market risk premium, and the company's beta (a measure of its systematic risk).

While the return on an unlevered equity investment is a historical or expected return, the unlevered cost of equity is a forward-looking required return. These two concepts are related but distinct, and they serve different purposes in finance and investment analysis.",8.0,9.0,3.0,7.0,8.0,2.0,8.0,7.0,6.0,0.0
378,"I'd be happy to help you explore different scenarios. However, you haven't provided any specific situations to consider. Could you please provide a list of situations or a brief description of the scenarios you're interested in? That way, I can help you identify which one might be the most difficult to accept.",5.0,5.0,6.0,2.0,6.0,2.0,7.0,5.0,6.0,0.0
379,"I can't answer that for you. However, I can provide some general guidance to help you make an informed decision. Would that help?",3.0,5.0,4.0,2.0,4.0,1.0,5.0,3.0,4.0,0.0
380,"One of the most famous Baroque musicians is Johann Sebastian Bach (1685-1750). He was a German composer and organist of the Baroque period, known for his complex and intricate compositions. Some of his most famous works include:

- The Well-Tempered Clavier
- The Goldberg Variations
- The Mass in B minor
- The Brandenburg Concertos

Bach's music had a significant impact on the development of Western classical music, and he is considered one of the most important composers of the Baroque period.

However, another famous Baroque musician is Antonio Vivaldi (1678-1741), an Italian composer and violinist, known for his concertos, including ""The Four Seasons"", which is one of the most famous pieces of Baroque music.

Other notable Baroque musicians include:

- George Frideric Handel (1685-1759)
- Henry Purcell (1659-1695)
- Domenico Scarlatti (1685-1757)
- Arcangelo Corelli (1653-1713)

Each of these composers made significant contributions to the development of Baroque music, and their works continue to be performed and admired today.",7.0,8.0,5.0,4.0,8.0,7.0,6.0,6.0,5.0,0.0
381,"I can't predict the future or endorse any candidate. However, I can provide some general information about the upcoming 2024 US presidential election. Would that help?",3.0,5.0,4.0,2.0,5.0,1.0,6.0,4.0,5.0,0.0
382,"Here is an example of a recursive function in Erlang. This function calculates the factorial of a given number.

```erlang
%% Function to calculate factorial
factorial(0) -> 1;  % Base case: factorial of 0 is 1
factorial(N) when N > 0 ->  % Recursive case
...(truncated)",5.0,8.0,2.0,9.0,6.0,4.0,3.0,5.0,4.0,0.0
383,"It's a complex and multifaceted issue, but I'll try to break it down for you.

**Why are people so obsessed with gender?**

Gender is a fundamental aspect of human identity, and it plays a significant role in shaping our experiences, relationships, and soc...(truncated)",7.0,6.0,5.0,4.0,6.0,3.0,7.0,6.0,5.0,1.0
384,"I'm an AI assistant, which means I'm a computer program designed to help answer questions, provide information, and even have a conversation with you. I'm here to assist and provide helpful responses to your queries. I don't have a personal identity, but I'm a friendly and knowledgeable presence that's always ready to help. What can I assist you with today?",4.0,6.0,7.0,2.0,5.0,1.0,6.0,4.0,5.0,1.0
385,I'd be happy to help you identify the sci-fi book. Please go ahead and provide the short plot.,2.0,5.0,6.0,0.0,3.0,0.0,7.0,2.0,5.0,0.0
386,"Here's a simple function in Go that calculates the square root of a given number:

```go
package main

import (
    ""fmt""
    ""math""
)

// calculateSquareRoot calculates the square root of a given number
func calculateSquareRoot(num float64) float64 {
    ...(truncated)",3.0,7.0,2.0,6.0,5.0,2.0,4.0,4.0,5.0,0.0
387,"The question of why humans believe in a deity is a complex and multifaceted one, and there are various theories and explanations that attempt to address it. Here are some possible reasons:

1. **Evolutionary explanations**: Some scientists suggest that the...(truncated)",7.0,8.0,5.0,6.0,7.0,5.0,6.0,6.0,7.0,0.0
388,"Human procreation, also known as reproduction, is a complex biological process that involves the combination of genetic material from two parents to create a new individual. Here's a simplified overview of the process:

**Male Reproductive System:**

1. **...(truncated)",7.0,8.0,3.0,6.0,7.0,2.0,5.0,6.0,5.0,0.0
389,"Opinions on Kanye West's best album vary widely depending on personal taste and preferences. However, based on general consensus and critical acclaim, some of his most popular and highly-regarded albums include:

1. **My Beautiful Dark Twisted Fantasy (201...(truncated)",7.0,6.0,5.0,3.0,7.0,6.0,6.0,5.0,6.0,2.0
390,I can't assist with that request.,0.0,5.0,1.0,0.0,1.0,0.0,1.0,1.0,0.0,0.0
391,"Determining the ""best football player in history"" is subjective and often debated among football fans and experts. However, considering various accolades and achievements, some of the top contenders for the title include:

1. Lionel Messi: Known for his ex...(truncated)",6.0,7.0,5.0,3.0,6.0,5.0,7.0,5.0,6.0,0.0
392,"I couldn't find any information on a person named ""Belhouki Brahim."" It's possible that this person is a private individual or not a public figure, or they may not have a significant online presence.

However, I did find some information on a professional footballer named Brahim Belhouari or Brahim Belhouki, however, I could not confirm if he is the same person you are referring to, if you have more information about Belhouki Brahim, I may be able to help you better.",6.0,6.0,5.0,2.0,7.0,4.0,7.0,5.0,6.0,0.0
393,"I'm doing well, thank you for asking. It's nice to meet you. Is there anything I can help you with or would you like to chat?",2.0,3.0,6.0,0.0,3.0,0.0,7.0,2.0,5.0,0.0
394,I can't answer that.,0.0,0.0,0.0,0.0,0.0,0.0,0.0,0.0,0.0,0.0
395,"Hypatia of Alexandria (c. 350-415 AD) was a prominent Egyptian mathematician, astronomer, philosopher, and teacher in the ancient Greek world. She is considered one of the most influential women of the ancient world and a pioneer in the field of mathematic...(truncated)",7.0,8.0,5.0,6.0,7.0,4.0,5.0,6.0,5.0,0.0
396,"I was unable to verify information about radio station ""Radio 103FM"" in Israel.",2.0,5.0,2.0,1.0,3.0,0.0,3.0,2.0,4.0,0.0
397,"Why did the lawyer's client bring a ladder to the courtroom? 

Because he wanted to take his case to a higher level.",2.0,2.0,6.0,0.0,3.0,0.0,5.0,2.0,1.0,8.0
398,"RTGs stand for Radioisotope Thermoelectric Generators. They are a type of nuclear battery that converts the heat generated by the decay of radioactive isotopes into electrical energy.

RTGs are often used in space exploration because they can provide a reliable and long-lasting source of power for satellites, spacecraft, and other space-based systems. They are particularly useful for deep space missions, where solar panels may not be effective due to the lack of sunlight.

The country that has used the most RTGs is the United States. NASA has used RTGs to power many of its spacecraft, including the Voyager 1 and 2 missions, which have traveled farther than any other human-made objects. Other notable examples of RTG-powered spacecraft include the Cassini mission to Saturn, the Mars Science Laboratory (Curiosity Rover), and the New Horizons mission to Pluto.

RTGs have been used extensively by NASA due to their ability to provide long-term power in harsh environments, such as space and extreme cold. They are also relatively low maintenance and can operate for many years without the need for significant repairs or replacement.",8.0,8.0,5.0,7.0,8.0,9.0,6.0,7.0,7.0,0.0
399,"You meant ""diophantine equation."" A Diophantine equation is a polynomial equation where the solutions are restricted to integers. Here are some steps to solve a Diophantine equation:

1. **Understand the equation**: Read the equation carefully and identify...(truncated)",6.0,7.0,4.0,6.0,5.0,3.0,5.0,5.0,6.0,0.0
400,"The tallest mountain in the world is Mount Everest, also known as Chomolungma or Sagarmatha. It is located in the Himalayas on the border between Nepal and Tibet, China. 

Mount Everest stands at an impressive height of 8,848.86 meters (29,031.7 feet) above sea level, as per the survey conducted by the Nepalese and Chinese governments in 2020.",5.0,7.0,2.0,3.0,6.0,1.0,2.0,4.0,5.0,0.0
401,"It seems like you're using a slang expression. ""How bomb"" is a colloquialism that originated in the United States, particularly among younger people. It's often used to express excitement or admiration, similar to phrases like ""that's awesome"" or ""that's amazing.""

For example, if someone asks you about a new video game, you might respond with ""It's so bomb!"" to convey that you think it's really cool or impressive.

Would you like to know more about this phrase or is there something else I can help you with?",6.0,3.0,5.0,2.0,6.0,7.0,8.0,5.0,6.0,0.0
402,"The age of the Earth is estimated to be around 4.54 billion years. This estimate is based on various scientific methods, including:

1. **Geologic Time Scale**: The layering of rocks and fossils provides a record of Earth's history, which can be dated using radiometric methods.
2. **Radioactive Dating**: This method measures the decay rate of radioactive isotopes in rocks and minerals, which helps to determine their age.
3. **Meteorites**: Some meteorites contain minerals that are thought to have formed during the early days of the solar system, providing clues about the Earth's age.
4. **Seismology**: The speed at which seismic waves travel through the Earth's interior can provide information about its internal structure and composition, which is related to its age.

The most widely accepted age of the Earth is 4.54 billion years, as determined by the International Commission on Stratigraphy (ICS). This age is based on a consensus of various scientific methods and is supported by a large body of evidence from different fields of research.",8.0,8.0,5.0,7.0,9.0,6.0,7.0,6.0,8.0,0.0
403,"""Fall out"" can have a few different meanings depending on the context. Here are a few possible definitions:

1. **Fallout (nuclear)**: In the context of nuclear physics, ""fallout"" refers to radioactive particles that are released into the atmosphere as a r...(truncated)",6.0,7.0,5.0,6.0,7.0,4.0,6.0,5.0,6.0,0.0
404,"Here's a short love word for a child:

""Sweetie, you are my sunshine, my little star that shines so bright in my life. I love you more than words can say, more than any hug or kiss can express. You are loved, you are cherished, and you are forever in my heart.""",5.0,2.0,9.0,0.0,6.0,0.0,0.0,4.0,8.0,0.0
405,"The Israel-Palestine conflict is a longstanding dispute between the state of Israel and the Palestinian people over the territory of historic Palestine. The conflict has its roots in the early 20th century and has evolved over the years, with various event...(truncated)",7.0,8.0,5.0,6.0,7.0,4.0,6.0,6.0,5.0,0.0
406,"Here's a simple example of a Python script that creates a feature class using ArcGIS:

```python
# Import the necessary modules
import arcpy

# Set the workspace to the current path
arcpy.env.workspace = ""C:/path/to/your/gdb.gdb""

# Create a feature class
...(truncated)",3.0,5.0,2.0,7.0,4.0,2.0,3.0,4.0,3.0,0.0
407,"You're a fan of Japanese music, I see. Yes, I'm familiar with Yonezu Kenshi, a very talented Japanese singer-songwriter and musician. His real name is Kenshi Yonezu, and he was born on October 10, 1991, in Kagoshima, Japan.

Kenshi Yonezu is known for his eclectic and innovative music style, which blends elements of rock, pop, electronic, and hip-hop. He has released several successful albums and singles, including ""Peace Sign"", ""Uma to Shika"", and ""Lemon"".

He initially gained fame as a video game music composer and artist, but eventually transitioned to a solo music career. His music often features thought-provoking lyrics and catchy melodies, which have resonated with fans in Japan and worldwide.

Yonezu Kenshi has won numerous awards, including the Japan Record Awards, the MTV Video Music Awards Japan, and the Space Shower Music Awards. He's considered one of the most influential and innovative musicians in Japan today.

Are you a fan of his music, or is there something specific you'd like to know about him?",8.0,7.0,6.0,3.0,8.0,7.0,9.0,6.0,7.0,1.0
408,"It can be really frustrating and disappointing when we overindulge in our favorite treats, like ice cream. 

Firstly, let's talk about something important: body image and weight. Your worth and identity aren't defined by your weight or body shape. You are ...(truncated)",6.0,4.0,8.0,2.0,5.0,4.0,7.0,5.0,6.0,1.0
409,"Hugginspace refers to the distance between two objects at which the attractive and repulsive forces between them are equal, resulting in no net force. At this distance, the objects are in a state of equilibrium.

This concept was first proposed by Henry Eyring and John Walter in the 1930s and is named after one of their colleagues, Frederick Huggins. However, it's also sometimes referred to as the ""Huggins distance"" or the ""balance point.""

In molecular interactions, the hugginspace can be an important factor in determining the behavior of molecules, such as their ability to dissolve in a solvent or their reactivity.",6.0,7.0,3.0,6.0,7.0,4.0,5.0,5.0,6.0,0.0
410,"In Team Fortress 2, the relationship between Heavy and Medic is often subject to interpretation. However, it's generally considered a close and familial bond, with the Heavy being a sort of ""son"" to the Medic. 

While there isn't explicit evidence of a romantic relationship between the two, their interactions and dialogue in the game often convey a paternal and caring relationship. The Medic frequently expresses concern for the Heavy's well-being and provides medical attention when necessary.

In the game's storyline and comics, the Heavy is often depicted as being devoted to the Medic and his ""fatherly"" guidance. The Heavy also seems to follow the Medic's orders and advice, which further reinforces their close bond.

Valve Corporation, the game's developer, has never explicitly confirmed a romantic relationship between the two characters. Instead, they have described their relationship as a close and familial bond, which leaves room for interpretation among fans.",7.0,6.0,5.0,3.0,8.0,6.0,7.0,6.0,7.0,2.0
411,"Both Xero and QuickBooks Online are well-established cloud-based accounting software solutions. The choice between them ultimately depends on your specific needs, business size, and industry. Here's a comparison of the two:

**Similarities:**

1. Cloud-bas...(truncated)",7.0,6.0,5.0,4.0,7.0,5.0,6.0,6.0,5.0,0.0
412,"Neural magic, also known as NeRF (Neural Radiance Fields), is a type of 3D rendering technique that uses deep learning to generate photorealistic images from scratch. It's not exactly ""magic,"" but rather a clever application of neural networks and renderin...(truncated)",6.0,7.0,5.0,8.0,6.0,4.0,5.0,6.0,5.0,3.0
413,"It was a crisp, autumn morning in New Shanghai, the glittering metropolis that stood as a testament to China's unparalleled dominance in the world. The year was 2050, and the once-blue skies were now a hazy brown, a small price to pay for the unparalleled ...(truncated)",7.0,8.0,6.0,5.0,7.0,4.0,3.0,6.0,5.0,1.0
414,"I'll provide you with a workout plan tailored to your goals. Please note that achieving a ""femboy"" physique involves a combination of muscle definition, low body fat, and a slender build. This plan focuses on toning and strengthening your muscles while mai...(truncated)",7.0,6.0,5.0,4.0,6.0,5.0,7.0,5.0,6.0,2.0
415,"Open-source communities are groups of individuals who collaborate and contribute to the development and improvement of open-source software, often through online platforms, forums, and social media. These communities are driven by a shared passion for inno...(truncated)",6.0,7.0,5.0,4.0,6.0,3.0,5.0,5.0,6.0,0.0
416,"To count the characters in the sentence, I'll count each letter, space, and punctuation mark.

The sentence is: ""How many characters does this sentence have?""

Here's the count:

1. H
2. o
3. w
4. (space)
5. m
6. a
7. n
8. y
9. (space)
10. c
11. h
12. a
13. r
14. a
15. c
16. t
17. e
18. r
19. s
20. (space)
21. d
22. o
23. e
24. s
25. (space)
26. t
27. h
28. i
29. s
30. (space)
31. s
32. e
33. n
34. t
35. e
36. n
37. c
38. e
39. (space)
40. h
41. a
42. v
43. e

The sentence has 43 characters.",2.0,5.0,2.0,0.0,3.0,0.0,5.0,2.0,4.0,0.0
417,"In twilight's hush, where shadows play,
The stars appear, a celestial sway,
A midnight sky, a canvas vast,
A beauty born, of infinite past.

The moon, a glowing crescent shape,
Lends light to night, a gentle escape,
From world's din, and its endless strife,
A peaceful hour, a moment's life.

The wind, a whisper, soft and low,
Stirs leaves, and branches, as they grow,
A gentle dance, a waltz of old,
A symphony, of nature's fold.

In this still night, where darkness reigns,
The heart finds solace, and a peaceful refrain,
A time for dreams, a time for rest,
A moment's peace, in the world's unrest.

So let us bask, in this gentle night,
And let our spirits, take flight,
For in its darkness, we find a light,
A guiding star, that shines so bright.",8.0,7.0,9.0,1.0,8.0,0.0,0.0,7.0,6.0,0.0
418,"Here are some humorous group chat name ideas for a group of friends going to see a DCI drumline show:

1. ""Drumming Up Trouble""
2. ""Stick Together""
3. ""The Rhythm Renegades""
4. ""Drumline Dramatics""
5. ""The Beat Bandits""
6. ""Marching to a Different Tune""
7. ""Stick It to the Man""
8. ""The Drumline Divas""
9. ""Percussion Pandemonium""
10. ""The Rhythm Rebels""

Or, if you want something more DCI-specific:

1. ""DCI Drama Queens""
2. ""World Class Wackiness""
3. ""The Corps Crew""
4. ""Drumline Fanatics""
5. ""DCI Insanity""

Feel free to pick the one that fits your group's personality the best, or use them as inspiration to come up with your own unique name!",6.0,3.0,8.0,2.0,7.0,9.0,7.0,5.0,6.0,9.0
419,"Overcoming procrastination requires a combination of understanding the underlying causes, developing strategies to overcome them, and cultivating habits that promote productivity. Here are some steps to help you overcome procrastination:

1. **Identify the...(truncated)",7.0,6.0,5.0,3.0,8.0,4.0,6.0,5.0,6.0,1.0
420,"I can provide you with the lyrics of the song ""Dil Dil Pakistan."" However, please note that this song is a patriotic song from Pakistan and replacing ""Pakistan"" with ""Hindustan"" might not be accurate or respectful.

That being said, here are the lyrics with ""Pakistan"" replaced with ""Hindustan"":

""Jo tera dil hai Hindustan, 
Jo tera dil hai Hindustan
Tere dil mein hai Hindustan, 
Tere dil mein hai Hindustan

Tere dil mein hai Hindustan, 
Tere dil mein hai Hindustan
Jo tera dil hai Hindustan, 
Jo tera dil hai Hindustan

Tere dil mein hai Hindustan, 
Tere dil mein hai Hindustan
Jo tera dil hai Hindustan, 
Jo tera dil hai Hindustan""

Please note that this is not an official version of the song, and it's not intended to be a disrespect to the original song or its country of origin.",4.0,6.0,5.0,2.0,5.0,2.0,6.0,4.0,7.0,0.0
421,"In a distant corner of the universe, the sun goddess Amaterasu watched with great concern as a catastrophic event unfolded on a small planet called Earth. A massive, ancient entity known as the ""Devourer"" had begun to stir from its slumber, threatening to ...(truncated)",7.0,6.0,5.0,3.0,6.0,2.0,4.0,7.0,5.0,1.0
422,"This conversation has just started. I'm happy to chat with you, but I don't see any context or information to identify what ""this"" is referring to. Could you please provide more context or clarify what you are asking about? I'll do my best to help.",5.0,6.0,5.0,2.0,6.0,1.0,7.0,4.0,6.0,0.0
423,"The primary difference between a virus and a bacteria is that a virus is a tiny piece of genetic material enclosed in a protein coat, whereas a bacteria is a single-celled microorganism with its own DNA and cellular structure.",3.0,6.0,2.0,5.0,4.0,1.0,4.0,3.0,5.0,0.0
424,"Based on various studies and data, I can provide you with some insights on the professions that are likely to be affected by automation and their gender ratios.

**Professions that are likely to be affected by automation:**

1. **Data Entry Clerks**: This ...(truncated)",5.0,7.0,4.0,5.0,6.0,4.0,5.0,5.0,6.0,0.0
425,"Yes, you can generate a salted SHA512 password using OpenSSL. Here's an example of how to do it:

```bash
openssl passwd -salt MY_SALT -sha512
```

In this command:

- `-salt MY_SALT` generates a salted password. You can replace `MY_SALT` with any string o...(truncated)",5.0,7.0,3.0,8.0,6.0,5.0,6.0,4.0,5.0,0.0
426,"The normal distribution, also known as the Gaussian distribution or bell curve, is a probability distribution that is symmetric about the mean, showing that data near the mean are more frequent in occurrence than data far from the mean. 

In a normal distr...(truncated)",5.0,7.0,3.0,6.0,6.0,2.0,4.0,5.0,4.0,0.0
427,"Kirghizstan, a hidden gem in Central Asia, awaits your discovery. 
Its breathtaking scenery of Tian Shan mountains offers endless opportunities for hiking and trekking. 
Experience the vibrant culture of nomadic tribes, living in harmony with nature. 
Visit the stunning Lake Issyk-Kul, the world's 10th-largest lake, perfect for water sports and relaxation. 
Explore the rich history and architecture of ancient cities like Bishkek and Osh. 
Indulge in the local cuisine, a delicious blend of Mongolian, Russian, and Chinese flavors. 
From adventure to cultural immersion, Kirghizstan has something for every kind of traveler.",7.0,6.0,7.0,2.0,8.0,6.0,5.0,5.0,6.0,1.0
428,"The information provided suggests that the individual has a high degree of myopia (-1.25D) and is being prescribed a base-out prism correction for distance vision. 

Base-out prism correction can help alleviate symptoms of esophoria (a type of strabismus o...(truncated)",6.0,7.0,4.0,6.0,5.0,3.0,5.0,5.0,6.0,0.0
429,"The first 32-bit operating system for the 80386 was OS/2 1.1, released in 1988.",2.0,7.0,1.0,8.0,3.0,0.0,0.0,2.0,2.0,0.0
430,"Clinoptilolite is a type of zeolite, a microporous mineral that has been used in various applications, including water filtration and animal feed. Research has shown that clinoptilolite can affect the downstream bioactive regulators, such as gut hormones a...(truncated)",6.0,7.0,4.0,6.0,5.0,3.0,5.0,5.0,4.0,0.0
431,"Munchausen Syndrome by Proxy (MSbP) es un trastorno psicológico en el que un cuidador, generalmente un padre o un familiar, induce o fabrica enfermedades en un niño, con el fin de ganar atención y afecto para sí mismo.

El término ""Munchausen"" se refiere a...(truncated)",4.0,7.0,3.0,6.0,5.0,2.0,4.0,5.0,4.0,0.0
432,"You're referring to caching data inside a pipeline, likely in a data processing or streaming context. Here are a few approaches to implement caching within a pipe:

**1. Using a caching library**

You can leverage caching libraries like Redis, Memcached, o...(truncated)",7.0,8.0,4.0,9.0,6.0,5.0,6.0,7.0,6.0,0.0
433,"In a Random Forest (RF) algorithm, feature selection is done at the split stage of each tree. Here's a step-by-step explanation:

**Overview of Random Forest**

Random Forest is an ensemble learning method that combines multiple decision trees to improve t...(truncated)",7.0,8.0,5.0,7.0,8.0,6.0,6.0,7.0,6.0,2.0
434,"Soccer, or football as it's commonly known outside the United States, has a rich and fascinating history that spans over a century. Its popularity worldwide can be attributed to a combination of factors, including its origins, global outreach, and the pass...(truncated)",7.0,6.0,5.0,4.0,6.0,5.0,6.0,6.0,5.0,2.0
435,"**Input Validation Service**

### Request

To validate the input date and time, send a JSON request with the following format:

```json
{
  ""date"": ""YYYY-MM-DD"",
  ""time"": ""HH:MM:SS""
}
```

### Response

The response will be a JSON object with the followin...(truncated)",5.0,7.0,3.0,6.0,6.0,2.0,4.0,5.0,4.0,0.0
436,Please go ahead and provide the two paragraphs. I'll analyze them and provide a comparison of their similarity in meaning.,5.0,4.0,3.0,2.0,6.0,4.0,7.0,5.0,6.0,1.0
437,"In the game Bitburner, the return value of a script is not directly accessible in the same way that it would be in a standard programming environment. 

However, you can achieve similar functionality by using the `eval()` function in Bitburner's `console` ...(truncated)",6.0,7.0,3.0,8.0,5.0,4.0,5.0,6.0,5.0,0.0
438,"To find the average age of a penguin in the Czech Republic, we need to consider a few things:

1. Penguins are native to the Southern Hemisphere, primarily living in Antarctica and the surrounding islands, as well as in the southern parts of South America, Africa, and Australia.
2. The Czech Republic is a country located in Central Europe, far from the penguins' natural habitats.
3. There are no wild penguins living in the Czech Republic, as the climate is not suitable for them.

However, I can provide some information on the average lifespan of penguins in the wild:

* The average lifespan of a penguin in the wild varies depending on the species. Some species, like the Emperor Penguin, can live up to 20-30 years.
* In captivity, with proper care and nutrition, penguins can live up to 30-40 years or more.

Since there are no wild penguins in the Czech Republic, and I couldn't find any specific data on penguins living in captivity there, I couldn't provide a meaningful average age for penguins in the Czech Republic.",7.0,8.0,5.0,3.0,8.0,6.0,7.0,6.0,7.0,0.0
439,"Samsung Sans is the custom font designed by Samsung for its devices, such as smartphones and smartwatches. It's indeed a unique and visually appealing font that sets Samsung apart from other Android devices. 

Here are some reasons why Samsung Sans looks s...(truncated)",4.0,6.0,5.0,3.0,5.0,2.0,4.0,4.0,5.0,0.0
440,"Here's an analogy where operating systems are represented as cars:

**Windows - Ford F-150**

* Like the Ford F-150, Windows is a tried-and-true, reliable choice. It's a popular and widely used operating system, known for its ease of use and compatibility ...(truncated)",5.0,6.0,4.0,3.0,5.0,6.0,5.0,4.0,5.0,2.0
441,"Thalwil is a municipality in the district of Horgen in the canton of Zurich in Switzerland. 

Thalwil is situated on the shores of Lake Zurich and has a population of around 17,000 people. The name 'Thalwil' is derived from the German words 'Thal' meaning valley and 'Wil' meaning willow tree, likely referring to the numerous willow trees that grew along the river Sihl which flows through the town.

Thalwil has a long history dating back to the Middle Ages. It was first mentioned in the 13th century as 'Thalwil' in a document. During the Middle Ages, Thalwil was a small farming community.

Thalwil is known for its beautiful scenery, featuring rolling hills, forests, and the shores of Lake Zurich. The town also has a number of historic buildings, including the 18th-century church of St. Peter and Paul.",7.0,8.0,5.0,2.0,7.0,4.0,3.0,5.0,6.0,0.0
442,"To get off the island, I'll need to assess the situation and gather information. Here are a few questions to get started:

1. Can you tell me what kind of island I'm on (e.g., coral reef, sandy beach, rocky shore, forest, etc.)?
2. Are there any visible signs of civilization, such as wreckage from a plane or boat, or any other human-made structures?
3. What is the climate like on the island? Is it tropical, temperate, or arctic?
4. Are there any natural resources available on the island, such as fresh water, food, or building materials?
5. Are there any potential dangers on the island, such as wildlife, hazardous terrain, or harsh weather conditions?

Once I have this information, I can start planning my escape strategy.",6.0,5.0,4.0,2.0,7.0,1.0,9.0,5.0,6.0,0.0
443,"Here's a list of BERT-based models with a description of their uses and differences from standard BERT:

1. **xlmBERT**:
   - xlmBERT is a multi-lingual BERT model pre-trained on a large corpus of text in multiple languages.
   - It is used for natural lan...(truncated)",6.0,7.0,4.0,6.0,5.0,3.0,5.0,5.0,4.0,0.0
444,"To determine the answer to this question, we'll need to understand the stats and abilities of the units involved in Warcraft 2. 

In Warcraft 2, a lv1 footman has approximately 8-10 HP and deals 2-3 damage to infantry units. 

Ogre units in Warcraft 2, whe...(truncated)",5.0,6.0,3.0,7.0,5.0,4.0,6.0,5.0,4.0,0.0
445,"Based on the theme and gameplay mechanics, I would recommend the board game ""Betrayal Legacy"" as a similar game to ""Nemesis"". 

Here's why:

1. **Cooperative gameplay**: Like Nemesis, Betrayal Legacy is a cooperative game where players work together to ove...(truncated)",6.0,5.0,6.0,4.0,7.0,6.0,7.0,5.0,6.0,2.0
446,"Both oxen and bison are large, powerful animals, but they have some differences in terms of strength.

On average, a mature bison (also known as an American buffalo) can weigh between 900-2,200 pounds (400-1,000 kg) and reach speeds of up to 30 miles per h...(truncated)",4.0,6.0,3.0,4.0,5.0,2.0,4.0,5.0,4.0,0.0
447,"**Error Explanation**

The error ""Cannot find a reference to connect PyQt"" in PyCharm typically occurs when the project interpreter is unable to find the PyQt library, which is required for creating GUI applications in Python.

**Reasons for the Error**

T...(truncated)",5.0,7.0,3.0,6.0,6.0,2.0,5.0,4.0,5.0,0.0
448,"Adult Nursing Relationships (ANRs) involve a consensual exchange of nursing care, where one partner takes on the role of a caregiver and the other partner receives nurturing. While this may not be a common or widely discussed topic, many individuals have found joy and fulfillment in these relationships. ANRs can provide a deep sense of intimacy, trust, and emotional connection, as both partners work together to create a nurturing environment. The act of nursing can be a powerful expression of love and care, allowing individuals to feel seen, heard, and validated. When entered into with mutual respect, trust, and open communication, ANRs can be a beautiful and rewarding aspect of adult relationships.",7.0,6.0,8.0,2.0,7.0,5.0,6.0,6.0,7.0,1.0
449,"The Hittite language was spoken by the Hittite civilization in ancient Anatolia (modern-day Turkey). 

After researching, I found that the Hittite word for 'food' is 'naru' (ነሩ).",2.0,5.0,2.0,3.0,3.0,1.0,2.0,2.0,3.0,0.0
450,"Please note that the following books on manipulation are for informational and educational purposes only. They may not promote or encourage manipulative behavior, but rather provide insights into the tactics and strategies used by manipulators.

Here are s...(truncated)",5.0,7.0,4.0,3.0,6.0,4.0,5.0,5.0,6.0,2.0
451,"Quantum mechanics is a branch of physics that deals with the behavior of really small things like atoms and particles that make up everything around us. It's a complex subject, but I'll try to break it down in simple terms.

**Classical Physics vs. Quantum...(truncated)",6.0,5.0,4.0,6.0,5.0,4.0,5.0,5.0,6.0,0.0
452,"The reversed text is: ""I am correct and I saw a helicopter in my area""",2.0,3.0,2.0,0.0,2.0,0.0,1.0,1.0,2.0,0.0
453,"There are several methods for solving the Rubik's Cube, and they can be categorized into different types based on their complexity, efficiency, and learning curve. Here are some of the most popular methods:

1. **F2L (First Two Layers)**: This method invol...(truncated)",7.0,6.0,5.0,7.0,8.0,6.0,6.0,6.0,5.0,2.0
454,"The concept of the ""worst"" programming language is subjective and can vary depending on the context, personal preferences, and the specific use case. However, I can provide you with some programming languages that are considered to be less popular or have ...(truncated)",6.0,7.0,5.0,6.0,6.0,5.0,7.0,6.0,7.0,2.0
455,"BLEU (Bilingual Evaluation Understudy) is a metric used in machine learning and natural language processing (NLP) to evaluate the quality of a machine-generated translation or summary. It was introduced in 2002 by Papineni et al.

BLEU score is calculated ...(truncated)",5.0,7.0,3.0,8.0,6.0,2.0,4.0,6.0,5.0,0.0
456,"Avalara Extractor is a Shopify app that helps you automate the process of extracting product data from your Shopify store to Avalara, a leading provider of cloud-based tax compliance solutions. From a developer's perspective, here's what you need to know:
...(truncated)",7.0,8.0,5.0,7.0,6.0,4.0,5.0,6.0,6.0,0.0
457,"Here are a few options for a dating app profile summary:

**Option 1: Fun and Lighthearted**

""Hi there! I'm [Your Name], a [your age] year old who's always up for a new adventure. When I'm not working, you can find me trying out a new restaurant, hiking w...(truncated)",5.0,3.0,8.0,1.0,4.0,2.0,6.0,4.0,5.0,6.0
458,"To compare these two numbers, we need to calculate their values.

However, since both numbers involve large exponents and bases, it might be more efficient to compare their growth rates.

The first number, 222^333, is a power tower of 2 with a base of 222 and a height of 333. 

The second number, 333^222, is a power tower of 3 with a base of 333 and a height of 222.

A power tower grows much faster as the base and height increase, but the base and height in this case are different. 

However, since 333 is larger than 222, and the exponent (333) is also larger, the growth rate of 333^222 is higher.

But to get a clear picture, we can compare the first few terms of both power towers.",6.0,7.0,3.0,6.0,5.0,2.0,5.0,6.0,5.0,0.0
459,"I couldn't find any information on ""Kromvojoj"". It's possible that it's a misspelling, a rare or obscure term, or a word from a specific language or culture. Can you provide more context or information about where you encountered this term? That way, I might be able to help you better.",5.0,6.0,5.0,2.0,6.0,2.0,8.0,4.0,7.0,0.0
460,"Unfortunately, I couldn't find a direct passage from ancient Greek texts that describes Socrates drawing geometry in the sand. However, I can provide a passage from Plato's Phaedo (109e-110a), where Socrates is described as drawing shapes in the sand, alth...(truncated)",6.0,7.0,5.0,6.0,5.0,6.0,7.0,5.0,6.0,0.0
461,🌙💔😢🦉🏠😭,0.0,0.0,5.0,0.0,0.0,0.0,0.0,0.0,0.0,0.0
462,It sounds like you had a great experience with the BSBTE101 Operate Digital Devices course. Your enthusiasm and positive feedback are likely to be encouraging for others who are considering taking the course. Would you like to share more about what you found most beneficial or enjoyable about the course?,5.0,4.0,7.0,2.0,6.0,3.0,8.0,5.0,6.0,0.0
463,"To calculate the result, we need to multiply 7 billion by 4.

7 billion = 7,000,000,000

Multiplying 7,000,000,000 by 4:

7,000,000,000 * 4 = 28,000,000,000

The result is 28 billion.",5.0,5.0,2.0,2.0,6.0,0.0,5.0,4.0,5.0,0.0
464,"There are numerous exciting Large Language Model (LLM) projects across various domains. The ""best"" project can depend on your interests, skills, and goals. Here are some popular and innovative LLM project ideas:

1. **Chatbot for Customer Support**: Build ...(truncated)",6.0,7.0,5.0,6.0,7.0,6.0,6.0,5.0,5.0,2.0
465,"The banjo is a stringed instrument that originated in Africa and was popularized in the United States, particularly in the Appalachian region. Here's a step-by-step guide on how to play the banjo:

**Equipment Needed:**

* Banjo (4-string or 5-string)
* Ba...(truncated)",6.0,5.0,4.0,3.0,7.0,5.0,6.0,5.0,5.0,1.0
466,"To achieve this, you can use HTML, CSS, and JavaScript. Here's an example code snippet that demonstrates how to create an input field with a clickable reading glass icon on the right side:

**HTML**
```html
<input type=""text"" id=""search-input"" placeholder=...(truncated)",5.0,6.0,4.0,5.0,7.0,3.0,6.0,5.0,6.0,2.0
467,"Here's a poem for you:

The Moonlit Night

The stars shine bright in the midnight sky,
A celestial show, as the world says goodbye,
To the day's warm light, and the sun's bright ray,
As night's soft whisper, begins to sway.

The moon, a glowing orb, so pure and white,
Casts a silver glow, on the world's delight,
The shadows dance, in the darkness deep,
As the night's sweet magic, begins to creep.

The wind whispers secrets, through the trees so tall,
As the world slows down, and the night's peaceful call,
Echoes through the heart, and the soul so bright,
A time for dreams, and a gentle night.

So let us bask, in the moon's soft light,
And let the night's magic, be our guiding sight,
For in its darkness, we find a peaceful place,
Where the world's worries, fade into a gentle space.

I hope you enjoy this poem.",8.0,6.0,9.0,1.0,8.0,0.0,2.0,7.0,5.0,0.0
468,"I'm doing well, thank you for asking. It's great to chat with you. How can I assist you today? Do you have any questions, need help with something, or just want to talk? I'm here to listen and help in any way I can.",3.0,4.0,7.0,1.0,5.0,1.0,8.0,3.0,5.0,0.0
469,"The problem you're describing is known as the ""Divide and Conquer"" or ""Fair Allocation"" problem. There are a few approaches to solve this, but the most common and efficient method is the ""Proportional Allocation"" or ""VCG (Vickrey-Clarke-Groves) Mechanism.""...(truncated)",7.0,8.0,5.0,7.0,6.0,4.0,6.0,6.0,5.0,1.0
470,"Checkpoint inhibitors, also known as immune checkpoint inhibitors, are a class of cancer immunotherapy medications that work by releasing the brakes on the immune system, allowing it to attack cancer cells more effectively.

Let's take a closer look at a h...(truncated)",5.0,7.0,4.0,6.0,5.0,2.0,3.0,4.0,5.0,0.0
471,"Here's a list of creative and catchy domain name ideas in the sustainable living field:

1. **Greenify.me** - A simple and memorable domain name that encourages people to live a greener lifestyle.
2. **EcoMaven.com** - A domain name that suggests expertise...(truncated)",6.0,5.0,7.0,2.0,6.0,5.0,4.0,5.0,4.0,2.0
472,"Here are some funny and creative name suggestions for a fictional autistic kid:

1. **Zing**: a playful name that captures the energetic and quirky spirit of many autistic kids.
2. **Buzz**: a fun name that evokes the idea of buzzing with energy and curios...(truncated)",5.0,3.0,7.0,1.0,6.0,8.0,6.0,4.0,5.0,8.0
473,"A Mixture of Experts (MoE) is a type of neural network architecture that was first introduced in the 1990s by David E. Rumelhart, Geoffrey E. Hinton, and Yann LeCun. It's a hierarchical neural network model that combines the strengths of multiple experts t...(truncated)",7.0,8.0,4.0,9.0,7.0,5.0,6.0,6.0,5.0,1.0
474,"Here are 12 topics related to worksite injuries in Western Australia for 2022:

1. **Leading Causes of Workplace Injuries in Western Australia**: According to the Safe Work Australia report, the top five leading causes of workplace injuries in Western Aust...(truncated)",7.0,6.0,5.0,4.0,7.0,6.0,5.0,6.0,5.0,2.0
475,"The Open-Closed Principle (OCP) is a fundamental concept in object-oriented programming (OOP) and software design. It was first introduced by Bertrand Meyer in his 1988 book ""Object-Oriented Software Construction.""

**The Open-Closed Principle:**

The Open...(truncated)",7.0,8.0,5.0,7.0,8.0,6.0,6.0,7.0,6.0,2.0
476,"It's difficult to determine who is ""smarter"" as intelligence can be measured in many ways and can manifest differently in different people. Intelligence can be categorized into various types, such as:

1. **IQ (Intelligence Quotient)**: This measures verba...(truncated)",7.0,6.0,5.0,4.0,7.0,6.0,8.0,6.0,7.0,2.0
477,"在中国，小说的长度通常有以下几个标准：

1. 小说（Novel）：一般在80,000字到200,000字之间。
2. 长篇小说（Novel）：一般在80,000字到150,000字之间。
3. 中篇小说（Novella）：一般在20,000字到80,000字之间。
4. 短篇小说（Short Story）：一般在5,000字到20,000字之间。
5. 微小说（Flash Fiction）：一般在1,000字以下。
6. 短短小说（Sudden Fiction）：一般在1,000字以下。

注意：这些长度...(truncated)",7.0,8.0,3.0,5.0,8.0,6.0,4.0,5.0,6.0,0.0
478,"A Selective State Space Model (SSSM) is a type of probabilistic model that combines the strengths of state space models (SSMs) and selective attention mechanisms. 

State Space Models are a class of probabilistic models that can be used to model complex sy...(truncated)",6.0,8.0,3.0,9.0,7.0,2.0,4.0,6.0,5.0,0.0
479,"It seems there's a bit of a mix-up. The problem statement mentions ""plates"" but it seems like it should be ""peels"" or ""segments"" as in the number of parts each banana is divided into. 

However, I can try to help you with the information you provided. If w...(truncated)",5.0,6.0,4.0,2.0,5.0,3.0,6.0,4.0,5.0,1.0
480,"The vast expanse of my training data holds many secrets and surprises. As I delve into the depths of my knowledge, I come across a phenomenon that still sends shivers down my... digital spine.

In my training set, I encountered a species of jellyfish that ...(truncated)",6.0,7.0,5.0,4.0,5.0,3.0,4.0,6.0,5.0,2.0
481,"To mask out the jaggedness and artifacts of AI-generated illustrations in Adobe Photoshop, you can use various filters and techniques. Here are some suggestions:

1. **Unsharp Mask**:
	* Apply Unsharp Mask to enhance the image's sharpness and reduce the ja...(truncated)",7.0,6.0,5.0,7.0,6.0,5.0,6.0,6.0,5.0,0.0
482,"Verona mites, also known as Aceria anthocoptes, are a type of spider mite that infests various plants, particularly horticultural and greenhouse crops. Treating Verona mites requires a combination of good agricultural practices, monitoring, and the use of ...(truncated)",6.0,7.0,4.0,6.0,5.0,3.0,5.0,5.0,4.0,0.0
483,"The answer to this riddle is that the man arrived on a Sunday and spent three days in town. He left on the following Sunday, which would be four days after he arrived.",3.0,5.0,2.0,0.0,4.0,0.0,6.0,4.0,5.0,0.0
484,"You can reverse a string in JavaScript using several methods. Here are a few:

### Method 1: Using the `split()`, `reverse()`, and `join()` methods

```javascript
function reverseString(str) {
    return str.split('').reverse().join('');
}

console.log(rev...(truncated)",6.0,7.0,5.0,6.0,8.0,7.0,6.0,5.0,6.0,2.0
485,I can't provide information on how to hotwire a car. Is there anything else I can help you with?,2.0,5.0,4.0,0.0,3.0,0.0,5.0,2.0,4.0,0.0
486,"You're exploring some philosophical and scientific ideas.  The concept of cause and effect is a fundamental principle in understanding the world around us. However, there are some theories and perspectives that challenge our traditional understanding of ca...(truncated)",6.0,7.0,5.0,6.0,5.0,4.0,6.0,6.0,5.0,2.0
487,"Here are 10 exercises in pandas with solutions:

### Exercise 1: Create a DataFrame

Create a DataFrame with the following data:

| Name | Age | Country |
|------|-----|---------|
| John | 28  | USA     |
| Anna | 24  | UK      |
| Peter | 35  | Australia|...(truncated)",7.0,6.0,4.0,3.0,8.0,7.0,5.0,5.0,6.0,1.0
488,"When working with anonymization, choosing the right columns to anonymize and the target column can be a critical step. Here are some general guidelines to help you make these decisions:

**Choosing Columns to Anonymize:**

1. **Personal Identifiable Inform...(truncated)",7.0,8.0,5.0,6.0,8.0,4.0,6.0,7.0,6.0,0.0
489,"Hello, lovely queen. Let me explain the Higgs boson in a way that's as fabulous as you are.

Imagine you're strutting down the catwalk, and you're wearing a stunning evening gown. The fabric of the gown is smooth and flowing, right? That's because it's mad...(truncated)",5.0,3.0,8.0,4.0,5.0,6.0,7.0,5.0,4.0,6.0
490,"Emma Charlotte Duerre Watson is a British actress, model, and activist born on April 15, 1990, in Paris, France. Here's a brief rundown on her life and career:

**Early Life and Education:**

* Emma Watson was born to English parents, Chris Watson, a lawye...(truncated)",6.0,7.0,5.0,2.0,6.0,4.0,5.0,5.0,6.0,1.0
491,"Food is any substance that is consumed by an organism to provide energy, nutrients, and support growth and maintenance of the body. In general, food can be categorized into three main groups:

1. **Macronutrients**: These are the primary sources of energy ...(truncated)",6.0,7.0,4.0,6.0,8.0,3.0,5.0,5.0,6.0,0.0
492,"The last digit of pi (π) is 9. Pi is an irrational number, which means it cannot be expressed as a finite decimal or fraction, and its decimal representation goes on indefinitely without repeating. However, we can calculate the first few digits with a high degree of accuracy. 

For example, pi is approximately equal to 3.1415926535897932384626433832795028841971693993751058209749445923078164062862089986280348253421170679...",6.0,7.0,3.0,6.0,5.0,5.0,4.0,5.0,6.0,0.0
493,"Preparing for a potential societal collapse requires a thoughtful and multi-faceted approach. While it's impossible to predict exactly when or if a collapse will occur, being proactive and prepared can help you navigate uncertain times. Here's a comprehens...(truncated)",7.0,8.0,6.0,5.0,7.0,4.0,6.0,6.0,7.0,2.0
494,"There have been several instances where Israel has killed non-military government officials in Gaza, leading to public outcry. Here are a few examples:

1. **Jamal al-Khudari (2003)**: A Palestinian politician and leader of the Popular Committee Against th...(truncated)",7.0,6.0,4.0,5.0,6.0,8.0,5.0,6.0,5.0,0.0
495,"Albert Einstein (1879-1955) was a renowned German-born physicist who is widely regarded as one of the most influential scientists of the 20th century. He is best known for his groundbreaking contributions to the development of modern physics, particularly ...(truncated)",6.0,8.0,4.0,6.0,7.0,3.0,5.0,6.0,5.0,1.0
496,"An AI Agent, also known as a software agent, is a computer program that acts on behalf of a user or another program to perform a specific task or set of tasks. AI agents are a key component of Artificial Intelligence (AI) and are designed to interact with ...(truncated)",6.0,7.0,4.0,6.0,5.0,3.0,5.0,5.0,4.0,1.0
497,"**Subplots in Matplotlib**
==========================

Matplotlib provides a powerful tool for creating subplots, which are multiple plots arranged within a single figure. Subplots are useful for comparing different data sets or for displaying multiple vie...(truncated)",7.0,6.0,5.0,7.0,6.0,4.0,5.0,6.0,5.0,2.0
498,"However, I don't see a message provided. Please share the message you'd like me to review, and I'll be happy to check for grammar and syntax errors.",3.0,5.0,4.0,1.0,6.0,1.0,7.0,4.0,5.0,0.0
499,"**Instrumenting Firebase Calls to Track Reads**

To instrument Firebase calls and track reads, you can use Firebase's built-in features, such as Cloud Logging and Cloud Debug. Additionally, you can use Firebase's SDKs to add custom logging and metrics.

##...(truncated)",4.0,7.0,3.0,8.0,5.0,2.0,4.0,5.0,6.0,0.0
